fid,CODE,route_key,source_entity_key,source_handle,source_layer,segment_index,source_segment_key,source_segment_kind,native_length_source,source_native_length_m,delivery_vertex_count,delivery_chord_length_native,materialization_policy_version,measurement_state,dimension_entity_key,measurement_native_m,measurement_delta_m,delivery_grid_length_m,geodesic_length_m,length_value_m,status,length_label,length_source,unit,schema_version,parent_cable_code,parent_display_label,parent_label_provenance,LONGUEUR,display_label,label_provenance,geometry_role,style_aci,style_truecolor,style_linetype,style_lineweight,style_rotation,style_rotation_deg,style_qgis_rotation_deg,style_render_key,lineage_json,source_cad_length_m,dimension_length_m,source_segment_sum_m,source_native_length_delta_m
1,CABLE-CAD-3247,056eaa86a40b4429d01bfeca0401058eea71baae5765bed58eb4a0d11d494860,1e76b102c1c52429c0d203ae1dd00d9ec3fdf4fecf3ebf28bd6ccc4e19c7c12d,3247,SLING WIRE,0,34462a0bfecd7c0d954c26a55b9dfacfaba767bcc1eb419239924feb96192aa1,line,ordered_wcs_vertices,41.19131190479368,2,41.19131190479368,cad2gis.bulge_tessellation.v1,dimension_measured,9dd298aa836f1d540e0c2ca2477c20533469467492caf4e7377947d0b1edf446,41.19131190376356,-1.0301164365955628e-09,41.19131190479368,40.915285333104244,41.19131190376356,measured,41.1913m,dwg_dimension,m,cad2gis.cable_segment.v1,CABLE-CAD-3247,,UNAVAILABLE,41.19131190479368,,UNAVAILABLE,SOURCE_ROUTE_SEGMENT,4,,Continuous,-1,0.0,0.0,0.0,CABLE:SLING WIRE|ROT_QGIS:0.000000000,"[{""operation"":""identity"",""source_entity_key"":""1e76b102c1c52429c0d203ae1dd00d9ec3fdf4fecf3ebf28bd6ccc4e19c7c12d"",""max_displacement_m"":0.0},{""operation"":""segment_occurrence"",""parent_feature_key"":""056eaa86a40b4429d01bfeca0401058eea71baae5765bed58eb4a0d11d494860"",""segment_index"":0,""source_segment_key"":""34462a0bfecd7c0d954c26a55b9dfacfaba767bcc1eb419239924feb96192aa1"",""source_segment_kind"":""line"",""geometry_policy"":""versioned-source-segment-delivery-path""}]",41.19131190376356,,,
2,CABLE-CAD-324B,24b5d5e9ba4bd815e6b4e7a03231d572649ef38d80b1212b10df3b4eb3477d8d,154ff0a071af46309f4e0dcadbead871d1dcd2af6c7ae35b825df475ffcf57d7,324B,SLING WIRE,0,6a0b026499cb482d7c45381664e39b6391fc5419fd614ce99b5a98b79bf13d85,line,ordered_wcs_vertices,38.754608042781754,2,38.754608042781754,cad2gis.bulge_tessellation.v1,dimension_measured,3ca535a50f6f91e1e350daa4f4b9f20ff12cf250354ee045a0cafd1f7a3e7c84,38.75460803695023,-5.831523708366149e-09,38.754608042781754,38.725229197760314,38.75460803695023,measured,38.7546m,dwg_dimension,m,cad2gis.cable_segment.v1,CABLE-CAD-324B,,UNAVAILABLE,38.754608042781754,,UNAVAILABLE,SOURCE_ROUTE_SEGMENT,4,,Continuous,-1,0.0,0.0,0.0,CABLE:SLING WIRE|ROT_QGIS:0.000000000,"[{""operation"":""identity"",""source_entity_key"":""154ff0a071af46309f4e0dcadbead871d1dcd2af6c7ae35b825df475ffcf57d7"",""max_displacement_m"":0.0},{""operation"":""segment_occurrence"",""parent_feature_key"":""24b5d5e9ba4bd815e6b4e7a03231d572649ef38d80b1212b10df3b4eb3477d8d"",""segment_index"":0,""source_segment_key"":""6a0b026499cb482d7c45381664e39b6391fc5419fd614ce99b5a98b79bf13d85"",""source_segment_kind"":""line"",""geometry_policy"":""versioned-source-segment-delivery-path""}]",38.75460803695023,,,
3,CABLE-CAD-3248,25bf717eb7bd724e385ad045e8fd40d9ca899ee073f36abe2197f365d15da5db,8b7011b2b8adb193d5677cce5af04d66a94d545a4e47fa8376e2fabdf03e964a,3248,SLING WIRE,0,36d0d45ae85d7232d723f1d9f0ac9577acbfe80fbf7e62e2b01659d53d87094c,line,ordered_wcs_vertices,44.105239584324764,2,44.105239584324764,cad2gis.bulge_tessellation.v1,dimension_measured,e01edaeb71f385f445d664fb490df192f950d1adb1932d943bae1c3ee58a2c8b,44.10523958690464,2.5798740921345598e-09,44.105239584324764,43.93388016245177,44.10523958690464,measured,44.1052m,dwg_dimension,m,cad2gis.cable_segment.v1,CABLE-CAD-3248,,UNAVAILABLE,44.105239584324764,,UNAVAILABLE,SOURCE_ROUTE_SEGMENT,4,,Continuous,-1,0.0,0.0,0.0,CABLE:SLING WIRE|ROT_QGIS:0.000000000,"[{""operation"":""identity"",""source_entity_key"":""8b7011b2b8adb193d5677cce5af04d66a94d545a4e47fa8376e2fabdf03e964a"",""max_displacement_m"":0.0},{""operation"":""segment_occurrence"",""parent_feature_key"":""25bf717eb7bd724e385ad045e8fd40d9ca899ee073f36abe2197f365d15da5db"",""segment_index"":0,""source_segment_key"":""36d0d45ae85d7232d723f1d9f0ac9577acbfe80fbf7e62e2b01659d53d87094c"",""source_segment_kind"":""line"",""geometry_policy"":""versioned-source-segment-delivery-path""}]",44.10523958690464,,,
4,CABLE-CAD-3245,3917d1d835d9fe09da7419e46c39a004486b9ecdceda6377fd7a390b9b07c1ec,d65e3c6f406662f23de4d6134c2e500ebb6e077925be160341ea807bc1c8a5b5,3245,SLING WIRE,0,3ca608907f5ac0d6bb6bc8ee9b78d8abd609f7ad6f694f0e9bbe0b8dd3ebdfe2,line,ordered_wcs_vertices,39.443529962784204,2,39.443529962784204,cad2gis.bulge_tessellation.v1,dimension_measured,1b6df0e9ed4127b14b6c99df26b646d6ba767efefe74d70c98b0e279e00d1097,39.44352996349335,7.091429665706528e-10,39.443529962784204,39.4054147794165,39.44352996349335,measured,39.4435m,dwg_dimension,m,cad2gis.cable_segment.v1,CABLE-CAD-3245,,UNAVAILABLE,39.443529962784204,,UNAVAILABLE,SOURCE_ROUTE_SEGMENT,4,,Continuous,-1,0.0,0.0,0.0,CABLE:SLING WIRE|ROT_QGIS:0.000000000,"[{""operation"":""identity"",""source_entity_key"":""d65e3c6f406662f23de4d6134c2e500ebb6e077925be160341ea807bc1c8a5b5"",""max_displacement_m"":0.0},{""operation"":""segment_occurrence"",""parent_feature_key"":""3917d1d835d9fe09da7419e46c39a004486b9ecdceda6377fd7a390b9b07c1ec"",""segment_index"":0,""source_segment_key"":""3ca608907f5ac0d6bb6bc8ee9b78d8abd609f7ad6f694f0e9bbe0b8dd3ebdfe2"",""source_segment_kind"":""line"",""geometry_policy"":""versioned-source-segment-delivery-path""}]",39.44352996349335,,,
5,CABLE-CAD-323F,75eadd75d74aef0b3f0148583795a3938835754bcb61efca7cac6e4626a3173b,f89722dbe1c612c8f124a7bea459fd936edd53840603b65498bc0b0642739279,323F,SLING WIRE,0,f76a0d39e16bcc6cad01d0d939d55a678bb2aa9b4267ba1b37485e65b02b9619,line,ordered_wcs_vertices,32.01832695428688,2,32.01832695428688,cad2gis.bulge_tessellation.v1,dimension_measured,25f571e6864874c19298136da1009005398fc59018dc303cf0ef7548020dde72,32.0183269456029,-8.683976204792998e-09,32.01832695428688,31.9958441869192,32.0183269456029,measured,32.0183m,dwg_dimension,m,cad2gis.cable_segment.v1,CABLE-CAD-323F,,UNAVAILABLE,32.01832695428688,,UNAVAILABLE,SOURCE_ROUTE_SEGMENT,4,,Continuous,-1,0.0,0.0,0.0,CABLE:SLING WIRE|ROT_QGIS:0.000000000,"[{""operation"":""identity"",""source_entity_key"":""f89722dbe1c612c8f124a7bea459fd936edd53840603b65498bc0b0642739279"",""max_displacement_m"":0.0},{""operation"":""segment_occurrence"",""parent_feature_key"":""75eadd75d74aef0b3f0148583795a3938835754bcb61efca7cac6e4626a3173b"",""segment_index"":0,""source_segment_key"":""f76a0d39e16bcc6cad01d0d939d55a678bb2aa9b4267ba1b37485e65b02b9619"",""source_segment_kind"":""line"",""geometry_policy"":""versioned-source-segment-delivery-path""}]",32.0183269456029,,,
6,CABLE-CAD-3249,7b081c11aca661f6e2d6e7e5eb8f3ace7de300b8f45cf4ed7e93192c0532a92c,d3b10738c32fe13f40e50708fa0b2845fcb1c8a47d8824235a114b422cf8e606,3249,SLING WIRE,0,77cb17df37a03d9764f4f2e99569790e22b273c09c8f0a96592a8c52b92d966a,line,ordered_wcs_vertices,29.421632322740166,2,29.421632322740166,cad2gis.bulge_tessellation.v1,dimension_measured,1acf95d06e2e6a1ef536403433ba338d128d87b8f393ecc5e6449cb9798e271d,29.42163232527673,2.536562959676303e-09,29.421632322740166,29.376134497338484,29.42163232527673,measured,29.4216m,dwg_dimension,m,cad2gis.cable_segment.v1,CABLE-CAD-3249,,UNAVAILABLE,29.421632322740166,,UNAVAILABLE,SOURCE_ROUTE_SEGMENT,4,,Continuous,-1,0.0,0.0,0.0,CABLE:SLING WIRE|ROT_QGIS:0.000000000,"[{""operation"":""identity"",""source_entity_key"":""d3b10738c32fe13f40e50708fa0b2845fcb1c8a47d8824235a114b422cf8e606"",""max_displacement_m"":0.0},{""operation"":""segment_occurrence"",""parent_feature_key"":""7b081c11aca661f6e2d6e7e5eb8f3ace7de300b8f45cf4ed7e93192c0532a92c"",""segment_index"":0,""source_segment_key"":""77cb17df37a03d9764f4f2e99569790e22b273c09c8f0a96592a8c52b92d966a"",""source_segment_kind"":""line"",""geometry_policy"":""versioned-source-segment-delivery-path""}]",29.42163232527673,,,
7,CABLE-CAD-31B1,7c6b65192b6af381ebd5a8827d5f8660ecb1e6c539e05bd1b7f6998a0a3f78f0,85f51eaf687ff6e7cc2d6c71addc41bc903bfbb0469fa09c106408ae7c53ba56,31B1,FO 48 CORE,0,1469bb67f415dbea53b824c72d1a235589c6a6ba07977950c17d2162a75e5790,line,ordered_wcs_vertices,26.48076404776127,2,26.48076404776127,cad2gis.bulge_tessellation.v1,dimension_measured,697e0f3f8d20a94916e9ef1e15d44217889b14f39e14f1b1c043d7367dddb5a9,26.48076405003667,2.2753994244339992e-09,26.48076404776127,26.473386539918337,26.48076405003667,measured,26.4808m,dwg_dimension,m,cad2gis.cable_segment.v1,CABLE-CAD-31B1,,UNAVAILABLE,26.48076404776127,,UNAVAILABLE,SOURCE_ROUTE_SEGMENT,204,,Continuous,-1,0.0,0.0,0.0,CABLE:48|ROT_QGIS:0.000000000,"[{""operation"":""identity"",""source_entity_key"":""85f51eaf687ff6e7cc2d6c71addc41bc903bfbb0469fa09c106408ae7c53ba56"",""max_displacement_m"":0.0},{""operation"":""segment_occurrence"",""parent_feature_key"":""7c6b65192b6af381ebd5a8827d5f8660ecb1e6c539e05bd1b7f6998a0a3f78f0"",""segment_index"":0,""source_segment_key"":""1469bb67f415dbea53b824c72d1a235589c6a6ba07977950c17d2162a75e5790"",""source_segment_kind"":""line"",""geometry_policy"":""versioned-source-segment-delivery-path""}]",26.48076405003667,,,
8,CABLE-CAD-31B1,7c6b65192b6af381ebd5a8827d5f8660ecb1e6c539e05bd1b7f6998a0a3f78f0,85f51eaf687ff6e7cc2d6c71addc41bc903bfbb0469fa09c106408ae7c53ba56,31B1,FO 48 CORE,1,4d11d488ceafa3c054527d36cd18ba98be39a175c992254e2869896eada1418f,line,ordered_wcs_vertices,36.53543138061275,2,36.53543138061275,cad2gis.bulge_tessellation.v1,dimension_measured,cab725eaeea1e9bb37572e8a6413cedae45238aef18602167aac84678ce2feda,36.5354313775897,-3.023046701855492e-09,36.53543138061275,36.517054396112314,36.5354313775897,measured,36.5354m,dwg_dimension,m,cad2gis.cable_segment.v1,CABLE-CAD-31B1,,UNAVAILABLE,36.53543138061275,,UNAVAILABLE,SOURCE_ROUTE_SEGMENT,204,,Continuous,-1,0.0,0.0,0.0,CABLE:48|ROT_QGIS:0.000000000,"[{""operation"":""identity"",""source_entity_key"":""85f51eaf687ff6e7cc2d6c71addc41bc903bfbb0469fa09c106408ae7c53ba56"",""max_displacement_m"":0.0},{""operation"":""segment_occurrence"",""parent_feature_key"":""7c6b65192b6af381ebd5a8827d5f8660ecb1e6c539e05bd1b7f6998a0a3f78f0"",""segment_index"":1,""source_segment_key"":""4d11d488ceafa3c054527d36cd18ba98be39a175c992254e2869896eada1418f"",""source_segment_kind"":""line"",""geometry_policy"":""versioned-source-segment-delivery-path""}]",36.5354313775897,,,
9,CABLE-CAD-31B1,7c6b65192b6af381ebd5a8827d5f8660ecb1e6c539e05bd1b7f6998a0a3f78f0,85f51eaf687ff6e7cc2d6c71addc41bc903bfbb0469fa09c106408ae7c53ba56,31B1,FO 48 CORE,2,c172b115f29d8269c264c9a1ab60bac417a1cd9a05adb6121081ee699bd134a7,line,ordered_wcs_vertices,44.242219697452335,2,44.242219697452335,cad2gis.bulge_tessellation.v1,dimension_measured,44690608f8bf3a54967ff0163f88c86b9ef5fefd7106789574654eb5564840de,44.24221969395875,-3.4935823123305454e-09,44.242219697452335,44.22307203915274,44.24221969395875,measured,44.2422m,dwg_dimension,m,cad2gis.cable_segment.v1,CABLE-CAD-31B1,,UNAVAILABLE,44.242219697452335,,UNAVAILABLE,SOURCE_ROUTE_SEGMENT,204,,Continuous,-1,0.0,0.0,0.0,CABLE:48|ROT_QGIS:0.000000000,"[{""operation"":""identity"",""source_entity_key"":""85f51eaf687ff6e7cc2d6c71addc41bc903bfbb0469fa09c106408ae7c53ba56"",""max_displacement_m"":0.0},{""operation"":""segment_occurrence"",""parent_feature_key"":""7c6b65192b6af381ebd5a8827d5f8660ecb1e6c539e05bd1b7f6998a0a3f78f0"",""segment_index"":2,""source_segment_key"":""c172b115f29d8269c264c9a1ab60bac417a1cd9a05adb6121081ee699bd134a7"",""source_segment_kind"":""line"",""geometry_policy"":""versioned-source-segment-delivery-path""}]",44.24221969395875,,,
10,CABLE-CAD-31B1,7c6b65192b6af381ebd5a8827d5f8660ecb1e6c539e05bd1b7f6998a0a3f78f0,85f51eaf687ff6e7cc2d6c71addc41bc903bfbb0469fa09c106408ae7c53ba56,31B1,FO 48 CORE,3,d95f7ad9a76dc4c8635838fbbc2b117d935a038b6c444ece2e66c8ef6cfd87ad,line,ordered_wcs_vertices,49.07386778872332,2,49.07386778872332,cad2gis.bulge_tessellation.v1,dimension_measured,0fde93f367f8245834256aaaf4502a982a890163a1b96c3ee710793f6774c93d,49.07386779226363,3.5403076026341296e-09,49.07386778872332,49.03916217333863,49.07386779226363,measured,49.0739m,dwg_dimension,m,cad2gis.cable_segment.v1,CABLE-CAD-31B1,,UNAVAILABLE,49.07386778872332,,UNAVAILABLE,SOURCE_ROUTE_SEGMENT,204,,Continuous,-1,0.0,0.0,0.0,CABLE:48|ROT_QGIS:0.000000000,"[{""operation"":""identity"",""source_entity_key"":""85f51eaf687ff6e7cc2d6c71addc41bc903bfbb0469fa09c106408ae7c53ba56"",""max_displacement_m"":0.0},{""operation"":""segment_occurrence"",""parent_feature_key"":""7c6b65192b6af381ebd5a8827d5f8660ecb1e6c539e05bd1b7f6998a0a3f78f0"",""segment_index"":3,""source_segment_key"":""d95f7ad9a76dc4c8635838fbbc2b117d935a038b6c444ece2e66c8ef6cfd87ad"",""source_segment_kind"":""line"",""geometry_policy"":""versioned-source-segment-delivery-path""}]",49.07386779226363,,,
11,CABLE-CAD-31B1,7c6b65192b6af381ebd5a8827d5f8660ecb1e6c539e05bd1b7f6998a0a3f78f0,85f51eaf687ff6e7cc2d6c71addc41bc903bfbb0469fa09c106408ae7c53ba56,31B1,FO 48 CORE,4,4beb212cfda489ea048fe13e3c8ecdf066eee64df7a688ed894ce7f30f255dae,line,ordered_wcs_vertices,37.36292916072693,2,37.36292916072693,cad2gis.bulge_tessellation.v1,dimension_measured,770e027cb890b4935a53491dc1c9b2dd42c90ef8103613f5b2219d70c649acaa,37.36292916117236,4.454321356206492e-10,37.36292916072693,37.1120687371741,37.36292916117236,measured,37.3629m,dwg_dimension,m,cad2gis.cable_segment.v1,CABLE-CAD-31B1,,UNAVAILABLE,37.36292916072693,,UNAVAILABLE,SOURCE_ROUTE_SEGMENT,204,,Continuous,-1,0.0,0.0,0.0,CABLE:48|ROT_QGIS:0.000000000,"[{""operation"":""identity"",""source_entity_key"":""85f51eaf687ff6e7cc2d6c71addc41bc903bfbb0469fa09c106408ae7c53ba56"",""max_displacement_m"":0.0},{""operation"":""segment_occurrence"",""parent_feature_key"":""7c6b65192b6af381ebd5a8827d5f8660ecb1e6c539e05bd1b7f6998a0a3f78f0"",""segment_index"":4,""source_segment_key"":""4beb212cfda489ea048fe13e3c8ecdf066eee64df7a688ed894ce7f30f255dae"",""source_segment_kind"":""line"",""geometry_policy"":""versioned-source-segment-delivery-path""}]",37.36292916117236,,,
12,CABLE-CAD-31B1,7c6b65192b6af381ebd5a8827d5f8660ecb1e6c539e05bd1b7f6998a0a3f78f0,85f51eaf687ff6e7cc2d6c71addc41bc903bfbb0469fa09c106408ae7c53ba56,31B1,FO 48 CORE,5,fb723c6b1d98dd697923849a49a2dba1c9f7c82b14a8283d572fc3687ff63498,line,ordered_wcs_vertices,34.50967775415479,2,34.50967775415479,cad2gis.bulge_tessellation.v1,dimension_measured,2aeef5512d7031a7d186fa4c80bb17667f792290f0e1d35a91d4b051db868165,34.50967775378376,-3.710241003318515e-10,34.50967775415479,34.278518868545966,34.50967775378376,measured,34.5097m,dwg_dimension,m,cad2gis.cable_segment.v1,CABLE-CAD-31B1,,UNAVAILABLE,34.50967775415479,,UNAVAILABLE,SOURCE_ROUTE_SEGMENT,204,,Continuous,-1,0.0,0.0,0.0,CABLE:48|ROT_QGIS:0.000000000,"[{""operation"":""identity"",""source_entity_key"":""85f51eaf687ff6e7cc2d6c71addc41bc903bfbb0469fa09c106408ae7c53ba56"",""max_displacement_m"":0.0},{""operation"":""segment_occurrence"",""parent_feature_key"":""7c6b65192b6af381ebd5a8827d5f8660ecb1e6c539e05bd1b7f6998a0a3f78f0"",""segment_index"":5,""source_segment_key"":""fb723c6b1d98dd697923849a49a2dba1c9f7c82b14a8283d572fc3687ff63498"",""source_segment_kind"":""line"",""geometry_policy"":""versioned-source-segment-delivery-path""}]",34.50967775378376,,,
13,CABLE-CAD-31B1,7c6b65192b6af381ebd5a8827d5f8660ecb1e6c539e05bd1b7f6998a0a3f78f0,85f51eaf687ff6e7cc2d6c71addc41bc903bfbb0469fa09c106408ae7c53ba56,31B1,FO 48 CORE,6,169ac1387bb12dcb7d5ce365040b819af050ff959faf01ec8d81284fdac6b65b,line,ordered_wcs_vertices,42.98654264706544,2,42.98654264706544,cad2gis.bulge_tessellation.v1,dimension_measured,cecb9c43ef257b2fe8e68790bd28213e72e6a5919ff07aeed42382d94ca0731e,42.98654264211655,-4.94889462743231e-09,42.98654264706544,42.974677161143994,42.98654264211655,measured,42.9865m,dwg_dimension,m,cad2gis.cable_segment.v1,CABLE-CAD-31B1,,UNAVAILABLE,42.98654264706544,,UNAVAILABLE,SOURCE_ROUTE_SEGMENT,204,,Continuous,-1,0.0,0.0,0.0,CABLE:48|ROT_QGIS:0.000000000,"[{""operation"":""identity"",""source_entity_key"":""85f51eaf687ff6e7cc2d6c71addc41bc903bfbb0469fa09c106408ae7c53ba56"",""max_displacement_m"":0.0},{""operation"":""segment_occurrence"",""parent_feature_key"":""7c6b65192b6af381ebd5a8827d5f8660ecb1e6c539e05bd1b7f6998a0a3f78f0"",""segment_index"":6,""source_segment_key"":""169ac1387bb12dcb7d5ce365040b819af050ff959faf01ec8d81284fdac6b65b"",""source_segment_kind"":""line"",""geometry_policy"":""versioned-source-segment-delivery-path""}]",42.98654264211655,,,
14,CABLE-CAD-31B1,7c6b65192b6af381ebd5a8827d5f8660ecb1e6c539e05bd1b7f6998a0a3f78f0,85f51eaf687ff6e7cc2d6c71addc41bc903bfbb0469fa09c106408ae7c53ba56,31B1,FO 48 CORE,7,f92d975b9a6d6dfe63863920c81c620a279684cbe2dc976fb804209716544a9f,line,ordered_wcs_vertices,44.52619819856031,2,44.52619819856031,cad2gis.bulge_tessellation.v1,dimension_measured,eadde8e669473b63a06fe9a10ab04af4d3608ae8d3e4306d282b7109ffeb4cbd,44.52619820460677,6.046462885933579e-09,44.52619819856031,44.51235013195722,44.52619820460677,measured,44.5262m,dwg_dimension,m,cad2gis.cable_segment.v1,CABLE-CAD-31B1,,UNAVAILABLE,44.52619819856031,,UNAVAILABLE,SOURCE_ROUTE_SEGMENT,204,,Continuous,-1,0.0,0.0,0.0,CABLE:48|ROT_QGIS:0.000000000,"[{""operation"":""identity"",""source_entity_key"":""85f51eaf687ff6e7cc2d6c71addc41bc903bfbb0469fa09c106408ae7c53ba56"",""max_displacement_m"":0.0},{""operation"":""segment_occurrence"",""parent_feature_key"":""7c6b65192b6af381ebd5a8827d5f8660ecb1e6c539e05bd1b7f6998a0a3f78f0"",""segment_index"":7,""source_segment_key"":""f92d975b9a6d6dfe63863920c81c620a279684cbe2dc976fb804209716544a9f"",""source_segment_kind"":""line"",""geometry_policy"":""versioned-source-segment-delivery-path""}]",44.52619820460677,,,
15,CABLE-CAD-31B1,7c6b65192b6af381ebd5a8827d5f8660ecb1e6c539e05bd1b7f6998a0a3f78f0,85f51eaf687ff6e7cc2d6c71addc41bc903bfbb0469fa09c106408ae7c53ba56,31B1,FO 48 CORE,8,dafb1081800fbed845ebad48d387446c11bdb088bfdf8abef97f4993a0ff1760,line,ordered_wcs_vertices,35.94277328559221,2,35.94277328559221,cad2gis.bulge_tessellation.v1,dimension_measured,8a94c545c9f9bf15a8b7eb959f2f952d05931dbdae160e7273464b95082d81f1,35.94277327880263,-6.789576900700922e-09,35.94277328559221,35.92292182926168,35.94277327880263,measured,35.9428m,dwg_dimension,m,cad2gis.cable_segment.v1,CABLE-CAD-31B1,,UNAVAILABLE,35.94277328559221,,UNAVAILABLE,SOURCE_ROUTE_SEGMENT,204,,Continuous,-1,0.0,0.0,0.0,CABLE:48|ROT_QGIS:0.000000000,"[{""operation"":""identity"",""source_entity_key"":""85f51eaf687ff6e7cc2d6c71addc41bc903bfbb0469fa09c106408ae7c53ba56"",""max_displacement_m"":0.0},{""operation"":""segment_occurrence"",""parent_feature_key"":""7c6b65192b6af381ebd5a8827d5f8660ecb1e6c539e05bd1b7f6998a0a3f78f0"",""segment_index"":8,""source_segment_key"":""dafb1081800fbed845ebad48d387446c11bdb088bfdf8abef97f4993a0ff1760"",""source_segment_kind"":""line"",""geometry_policy"":""versioned-source-segment-delivery-path""}]",35.94277327880263,,,
16,CABLE-CAD-31B1,7c6b65192b6af381ebd5a8827d5f8660ecb1e6c539e05bd1b7f6998a0a3f78f0,85f51eaf687ff6e7cc2d6c71addc41bc903bfbb0469fa09c106408ae7c53ba56,31B1,FO 48 CORE,9,56141a145e9cc98d28560d16481be5be161193a8b5ff2772893fe4d146a29838,line,ordered_wcs_vertices,27.460722681762338,2,27.460722681762338,cad2gis.bulge_tessellation.v1,dimension_measured,4dce1a446326df635c3a387a37051846956152bb5fc6a769d623d2206b4f7221,27.46072268299759,1.2352536771231826e-09,27.460722681762338,27.42465076707423,27.46072268299759,measured,27.4607m,dwg_dimension,m,cad2gis.cable_segment.v1,CABLE-CAD-31B1,,UNAVAILABLE,27.460722681762338,,UNAVAILABLE,SOURCE_ROUTE_SEGMENT,204,,Continuous,-1,0.0,0.0,0.0,CABLE:48|ROT_QGIS:0.000000000,"[{""operation"":""identity"",""source_entity_key"":""85f51eaf687ff6e7cc2d6c71addc41bc903bfbb0469fa09c106408ae7c53ba56"",""max_displacement_m"":0.0},{""operation"":""segment_occurrence"",""parent_feature_key"":""7c6b65192b6af381ebd5a8827d5f8660ecb1e6c539e05bd1b7f6998a0a3f78f0"",""segment_index"":9,""source_segment_key"":""56141a145e9cc98d28560d16481be5be161193a8b5ff2772893fe4d146a29838"",""source_segment_kind"":""line"",""geometry_policy"":""versioned-source-segment-delivery-path""}]",27.46072268299759,,,
17,CABLE-CAD-31B1,7c6b65192b6af381ebd5a8827d5f8660ecb1e6c539e05bd1b7f6998a0a3f78f0,85f51eaf687ff6e7cc2d6c71addc41bc903bfbb0469fa09c106408ae7c53ba56,31B1,FO 48 CORE,10,706f6d66ebf23f9a74bb3934f761c323da113cc00892ed5b2278a3a0afe224a7,line,ordered_wcs_vertices,35.51477647484625,2,35.51477647484625,cad2gis.bulge_tessellation.v1,dimension_measured,78bab29ef71f9ec0215dd883027e9a33a6609aae31077adc9e2dcd9dfc970df8,35.51477647386491,-9.81337677785632e-10,35.51477647484625,35.45528130849282,35.51477647386491,measured,35.5148m,dwg_dimension,m,cad2gis.cable_segment.v1,CABLE-CAD-31B1,,UNAVAILABLE,35.51477647484625,,UNAVAILABLE,SOURCE_ROUTE_SEGMENT,204,,Continuous,-1,0.0,0.0,0.0,CABLE:48|ROT_QGIS:0.000000000,"[{""operation"":""identity"",""source_entity_key"":""85f51eaf687ff6e7cc2d6c71addc41bc903bfbb0469fa09c106408ae7c53ba56"",""max_displacement_m"":0.0},{""operation"":""segment_occurrence"",""parent_feature_key"":""7c6b65192b6af381ebd5a8827d5f8660ecb1e6c539e05bd1b7f6998a0a3f78f0"",""segment_index"":10,""source_segment_key"":""706f6d66ebf23f9a74bb3934f761c323da113cc00892ed5b2278a3a0afe224a7"",""source_segment_kind"":""line"",""geometry_policy"":""versioned-source-segment-delivery-path""}]",35.51477647386491,,,
18,CABLE-CAD-31B1,7c6b65192b6af381ebd5a8827d5f8660ecb1e6c539e05bd1b7f6998a0a3f78f0,85f51eaf687ff6e7cc2d6c71addc41bc903bfbb0469fa09c106408ae7c53ba56,31B1,FO 48 CORE,11,e67680b0a30da5b1028ba25e3912d4310d099dafef0da26b9314b078f981c8cd,line,ordered_wcs_vertices,46.40017889533709,2,46.40017889533709,cad2gis.bulge_tessellation.v1,dimension_measured,03f2ffdd1a0fd6c00a1109661ec6c55a12d8bc527312bed3651e7cd550b3999e,46.40017889626323,9.261356126444298e-10,46.40017889533709,46.328770566111885,46.40017889626323,measured,46.4002m,dwg_dimension,m,cad2gis.cable_segment.v1,CABLE-CAD-31B1,,UNAVAILABLE,46.40017889533709,,UNAVAILABLE,SOURCE_ROUTE_SEGMENT,204,,Continuous,-1,0.0,0.0,0.0,CABLE:48|ROT_QGIS:0.000000000,"[{""operation"":""identity"",""source_entity_key"":""85f51eaf687ff6e7cc2d6c71addc41bc903bfbb0469fa09c106408ae7c53ba56"",""max_displacement_m"":0.0},{""operation"":""segment_occurrence"",""parent_feature_key"":""7c6b65192b6af381ebd5a8827d5f8660ecb1e6c539e05bd1b7f6998a0a3f78f0"",""segment_index"":11,""source_segment_key"":""e67680b0a30da5b1028ba25e3912d4310d099dafef0da26b9314b078f981c8cd"",""source_segment_kind"":""line"",""geometry_policy"":""versioned-source-segment-delivery-path""}]",46.40017889626323,,,
19,CABLE-CAD-31B1,7c6b65192b6af381ebd5a8827d5f8660ecb1e6c539e05bd1b7f6998a0a3f78f0,85f51eaf687ff6e7cc2d6c71addc41bc903bfbb0469fa09c106408ae7c53ba56,31B1,FO 48 CORE,12,05191a58f578399e4e3e174f0129d5296808d598a25deeec7cd24f40b1133e68,line,ordered_wcs_vertices,41.7219901474157,2,41.7219901474157,cad2gis.bulge_tessellation.v1,dimension_measured,269b95f5a0798934f1124583a14b4c9fcc48c5e677ba7fa2d98b7220caded2ed,41.72199014760553,1.8982859728566837e-10,41.7219901474157,41.626841646473956,41.72199014760553,measured,41.722m,dwg_dimension,m,cad2gis.cable_segment.v1,CABLE-CAD-31B1,,UNAVAILABLE,41.7219901474157,,UNAVAILABLE,SOURCE_ROUTE_SEGMENT,204,,Continuous,-1,0.0,0.0,0.0,CABLE:48|ROT_QGIS:0.000000000,"[{""operation"":""identity"",""source_entity_key"":""85f51eaf687ff6e7cc2d6c71addc41bc903bfbb0469fa09c106408ae7c53ba56"",""max_displacement_m"":0.0},{""operation"":""segment_occurrence"",""parent_feature_key"":""7c6b65192b6af381ebd5a8827d5f8660ecb1e6c539e05bd1b7f6998a0a3f78f0"",""segment_index"":12,""source_segment_key"":""05191a58f578399e4e3e174f0129d5296808d598a25deeec7cd24f40b1133e68"",""source_segment_kind"":""line"",""geometry_policy"":""versioned-source-segment-delivery-path""}]",41.72199014760553,,,
20,CABLE-CAD-31B1,7c6b65192b6af381ebd5a8827d5f8660ecb1e6c539e05bd1b7f6998a0a3f78f0,85f51eaf687ff6e7cc2d6c71addc41bc903bfbb0469fa09c106408ae7c53ba56,31B1,FO 48 CORE,13,5f92d10eec0777e66520a76ef9c803e3eeb887d48a374a7c4bee6dd3cd0bc97e,line,ordered_wcs_vertices,23.339404831772946,2,23.339404831772946,cad2gis.bulge_tessellation.v1,dimension_measured,34d66d151200bc148e4980dcf1fb7031b5e058ebd679b877558117817e8232c4,23.33940483257174,7.987956962551834e-10,23.339404831772946,23.26251003737936,23.33940483257174,measured,23.3394m,dwg_dimension,m,cad2gis.cable_segment.v1,CABLE-CAD-31B1,,UNAVAILABLE,23.339404831772946,,UNAVAILABLE,SOURCE_ROUTE_SEGMENT,204,,Continuous,-1,0.0,0.0,0.0,CABLE:48|ROT_QGIS:0.000000000,"[{""operation"":""identity"",""source_entity_key"":""85f51eaf687ff6e7cc2d6c71addc41bc903bfbb0469fa09c106408ae7c53ba56"",""max_displacement_m"":0.0},{""operation"":""segment_occurrence"",""parent_feature_key"":""7c6b65192b6af381ebd5a8827d5f8660ecb1e6c539e05bd1b7f6998a0a3f78f0"",""segment_index"":13,""source_segment_key"":""5f92d10eec0777e66520a76ef9c803e3eeb887d48a374a7c4bee6dd3cd0bc97e"",""source_segment_kind"":""line"",""geometry_policy"":""versioned-source-segment-delivery-path""}]",23.33940483257174,,,
21,CABLE-CAD-31B1,7c6b65192b6af381ebd5a8827d5f8660ecb1e6c539e05bd1b7f6998a0a3f78f0,85f51eaf687ff6e7cc2d6c71addc41bc903bfbb0469fa09c106408ae7c53ba56,31B1,FO 48 CORE,14,5a1f5ee946695ff3fb002a12651cb5f437bc5f2fe9204be1bf4c284b4436e103,line,ordered_wcs_vertices,40.08658101043732,2,40.08658101043732,cad2gis.bulge_tessellation.v1,dimension_measured,7fda21dd2562789353ce4ebe1637432e7e22892d0434c3823d90f90dd6a692f3,40.0865810085088,-1.928519566263276e-09,40.08658101043732,39.922909486266214,40.0865810085088,measured,40.0866m,dwg_dimension,m,cad2gis.cable_segment.v1,CABLE-CAD-31B1,,UNAVAILABLE,40.08658101043732,,UNAVAILABLE,SOURCE_ROUTE_SEGMENT,204,,Continuous,-1,0.0,0.0,0.0,CABLE:48|ROT_QGIS:0.000000000,"[{""operation"":""identity"",""source_entity_key"":""85f51eaf687ff6e7cc2d6c71addc41bc903bfbb0469fa09c106408ae7c53ba56"",""max_displacement_m"":0.0},{""operation"":""segment_occurrence"",""parent_feature_key"":""7c6b65192b6af381ebd5a8827d5f8660ecb1e6c539e05bd1b7f6998a0a3f78f0"",""segment_index"":14,""source_segment_key"":""5a1f5ee946695ff3fb002a12651cb5f437bc5f2fe9204be1bf4c284b4436e103"",""source_segment_kind"":""line"",""geometry_policy"":""versioned-source-segment-delivery-path""}]",40.0865810085088,,,
22,CABLE-CAD-31B1,7c6b65192b6af381ebd5a8827d5f8660ecb1e6c539e05bd1b7f6998a0a3f78f0,85f51eaf687ff6e7cc2d6c71addc41bc903bfbb0469fa09c106408ae7c53ba56,31B1,FO 48 CORE,15,f0d19375aeb6d489b72879cab9de157fa8ccc76b491672fc0409a89c57f670f8,line,ordered_wcs_vertices,41.247936392936595,2,41.247936392936595,cad2gis.bulge_tessellation.v1,dimension_measured,1cde28fe8c77596fe1d9c497c63c47f6036c959bb8d5b5e80befef647d074a9d,41.2479363931343,1.9770851622524788e-10,41.247936392936595,41.03324339783913,41.2479363931343,measured,41.2479m,dwg_dimension,m,cad2gis.cable_segment.v1,CABLE-CAD-31B1,,UNAVAILABLE,41.247936392936595,,UNAVAILABLE,SOURCE_ROUTE_SEGMENT,204,,Continuous,-1,0.0,0.0,0.0,CABLE:48|ROT_QGIS:0.000000000,"[{""operation"":""identity"",""source_entity_key"":""85f51eaf687ff6e7cc2d6c71addc41bc903bfbb0469fa09c106408ae7c53ba56"",""max_displacement_m"":0.0},{""operation"":""segment_occurrence"",""parent_feature_key"":""7c6b65192b6af381ebd5a8827d5f8660ecb1e6c539e05bd1b7f6998a0a3f78f0"",""segment_index"":15,""source_segment_key"":""f0d19375aeb6d489b72879cab9de157fa8ccc76b491672fc0409a89c57f670f8"",""source_segment_kind"":""line"",""geometry_policy"":""versioned-source-segment-delivery-path""}]",41.2479363931343,,,
23,CABLE-CAD-31B1,7c6b65192b6af381ebd5a8827d5f8660ecb1e6c539e05bd1b7f6998a0a3f78f0,85f51eaf687ff6e7cc2d6c71addc41bc903bfbb0469fa09c106408ae7c53ba56,31B1,FO 48 CORE,16,729431a6fe3dd73765b7c214a808f4db7d5ccf26f73c403887ea5f2d74aab9b9,line,ordered_wcs_vertices,36.182436343683364,2,36.182436343683364,cad2gis.bulge_tessellation.v1,dimension_measured,53db9e478e010f2290b048722c6da0b9b56a7526e3d4e4c6756dc39626694326,36.18243634328246,-4.0090242237056373e-10,36.182436343683364,36.03947532391013,36.18243634328246,measured,36.1824m,dwg_dimension,m,cad2gis.cable_segment.v1,CABLE-CAD-31B1,,UNAVAILABLE,36.182436343683364,,UNAVAILABLE,SOURCE_ROUTE_SEGMENT,204,,Continuous,-1,0.0,0.0,0.0,CABLE:48|ROT_QGIS:0.000000000,"[{""operation"":""identity"",""source_entity_key"":""85f51eaf687ff6e7cc2d6c71addc41bc903bfbb0469fa09c106408ae7c53ba56"",""max_displacement_m"":0.0},{""operation"":""segment_occurrence"",""parent_feature_key"":""7c6b65192b6af381ebd5a8827d5f8660ecb1e6c539e05bd1b7f6998a0a3f78f0"",""segment_index"":16,""source_segment_key"":""729431a6fe3dd73765b7c214a808f4db7d5ccf26f73c403887ea5f2d74aab9b9"",""source_segment_kind"":""line"",""geometry_policy"":""versioned-source-segment-delivery-path""}]",36.18243634328246,,,
24,CABLE-CAD-31B1,7c6b65192b6af381ebd5a8827d5f8660ecb1e6c539e05bd1b7f6998a0a3f78f0,85f51eaf687ff6e7cc2d6c71addc41bc903bfbb0469fa09c106408ae7c53ba56,31B1,FO 48 CORE,17,b68fb4385ade2fae4600ba11603f87049109ec7cc4b20d82aa5c9a858254cc4a,line,ordered_wcs_vertices,38.27961314433595,2,38.27961314433595,cad2gis.bulge_tessellation.v1,dimension_measured,7a079c3d1f61b1a3306f42631d87204d1e49074744461ae6545615a50b8538af,38.27961314469576,3.5981173596155713e-10,38.27961314433595,38.15612008676977,38.27961314469576,measured,38.2796m,dwg_dimension,m,cad2gis.cable_segment.v1,CABLE-CAD-31B1,,UNAVAILABLE,38.27961314433595,,UNAVAILABLE,SOURCE_ROUTE_SEGMENT,204,,Continuous,-1,0.0,0.0,0.0,CABLE:48|ROT_QGIS:0.000000000,"[{""operation"":""identity"",""source_entity_key"":""85f51eaf687ff6e7cc2d6c71addc41bc903bfbb0469fa09c106408ae7c53ba56"",""max_displacement_m"":0.0},{""operation"":""segment_occurrence"",""parent_feature_key"":""7c6b65192b6af381ebd5a8827d5f8660ecb1e6c539e05bd1b7f6998a0a3f78f0"",""segment_index"":17,""source_segment_key"":""b68fb4385ade2fae4600ba11603f87049109ec7cc4b20d82aa5c9a858254cc4a"",""source_segment_kind"":""line"",""geometry_policy"":""versioned-source-segment-delivery-path""}]",38.27961314469576,,,
25,CABLE-CAD-31B1,7c6b65192b6af381ebd5a8827d5f8660ecb1e6c539e05bd1b7f6998a0a3f78f0,85f51eaf687ff6e7cc2d6c71addc41bc903bfbb0469fa09c106408ae7c53ba56,31B1,FO 48 CORE,18,0ea9ada00be8c9a5260dddd24dc8f791111412853e0bd11a958405b627c04887,line,ordered_wcs_vertices,46.23039852386861,2,46.23039852386861,cad2gis.bulge_tessellation.v1,cad_geometry_only,,,,46.23039852386861,45.95914280890429,46.23039852386861,unmeasured_no_dimension,,dwg_curve_geometry,m,cad2gis.cable_segment.v1,CABLE-CAD-31B1,,UNAVAILABLE,46.23039852386861,,UNAVAILABLE,SOURCE_ROUTE_SEGMENT,204,,Continuous,-1,0.0,0.0,0.0,CABLE:48|ROT_QGIS:0.000000000,"[{""operation"":""identity"",""source_entity_key"":""85f51eaf687ff6e7cc2d6c71addc41bc903bfbb0469fa09c106408ae7c53ba56"",""max_displacement_m"":0.0},{""operation"":""segment_occurrence"",""parent_feature_key"":""7c6b65192b6af381ebd5a8827d5f8660ecb1e6c539e05bd1b7f6998a0a3f78f0"",""segment_index"":18,""source_segment_key"":""0ea9ada00be8c9a5260dddd24dc8f791111412853e0bd11a958405b627c04887"",""source_segment_kind"":""line"",""geometry_policy"":""versioned-source-segment-delivery-path""}]",46.23039852386861,,,
26,CABLE-CAD-31B1,7c6b65192b6af381ebd5a8827d5f8660ecb1e6c539e05bd1b7f6998a0a3f78f0,85f51eaf687ff6e7cc2d6c71addc41bc903bfbb0469fa09c106408ae7c53ba56,31B1,FO 48 CORE,19,aed6b9e4068b123915fcd49f4614fd91c12ac0f8a6bc3a0b5156417e6a9d3f97,line,ordered_wcs_vertices,1.5000000034904837,2,1.5000000034904837,cad2gis.bulge_tessellation.v1,cad_geometry_only,,,,1.5000000034904837,1.497872116989235,1.5000000034904837,unmeasured_no_dimension,,dwg_curve_geometry,m,cad2gis.cable_segment.v1,CABLE-CAD-31B1,,UNAVAILABLE,1.5000000034904837,,UNAVAILABLE,SOURCE_ROUTE_SEGMENT,204,,Continuous,-1,0.0,0.0,0.0,CABLE:48|ROT_QGIS:0.000000000,"[{""operation"":""identity"",""source_entity_key"":""85f51eaf687ff6e7cc2d6c71addc41bc903bfbb0469fa09c106408ae7c53ba56"",""max_displacement_m"":0.0},{""operation"":""segment_occurrence"",""parent_feature_key"":""7c6b65192b6af381ebd5a8827d5f8660ecb1e6c539e05bd1b7f6998a0a3f78f0"",""segment_index"":19,""source_segment_key"":""aed6b9e4068b123915fcd49f4614fd91c12ac0f8a6bc3a0b5156417e6a9d3f97"",""source_segment_kind"":""line"",""geometry_policy"":""versioned-source-segment-delivery-path""}]",1.5000000034904837,,,
27,CABLE-CAD-31B1,7c6b65192b6af381ebd5a8827d5f8660ecb1e6c539e05bd1b7f6998a0a3f78f0,85f51eaf687ff6e7cc2d6c71addc41bc903bfbb0469fa09c106408ae7c53ba56,31B1,FO 48 CORE,20,8280decb743e5a742bdf1787a354e5f0e533538085011b5c42b418724a043d20,line,ordered_wcs_vertices,46.409873720373014,2,46.409873720373014,cad2gis.bulge_tessellation.v1,dimension_measured,2a1e727dd639632b058340c23f761ae2b7ab9f8feef0712819c794bef2e332b5,46.40987372398376,3.6107437040300283e-09,46.409873720373014,46.13840943378765,46.40987372398376,measured,46.4099m,dwg_dimension,m,cad2gis.cable_segment.v1,CABLE-CAD-31B1,,UNAVAILABLE,46.409873720373014,,UNAVAILABLE,SOURCE_ROUTE_SEGMENT,204,,Continuous,-1,0.0,0.0,0.0,CABLE:48|ROT_QGIS:0.000000000,"[{""operation"":""identity"",""source_entity_key"":""85f51eaf687ff6e7cc2d6c71addc41bc903bfbb0469fa09c106408ae7c53ba56"",""max_displacement_m"":0.0},{""operation"":""segment_occurrence"",""parent_feature_key"":""7c6b65192b6af381ebd5a8827d5f8660ecb1e6c539e05bd1b7f6998a0a3f78f0"",""segment_index"":20,""source_segment_key"":""8280decb743e5a742bdf1787a354e5f0e533538085011b5c42b418724a043d20"",""source_segment_kind"":""line"",""geometry_policy"":""versioned-source-segment-delivery-path""}]",46.40987372398376,,,
28,CABLE-CAD-31B1,7c6b65192b6af381ebd5a8827d5f8660ecb1e6c539e05bd1b7f6998a0a3f78f0,85f51eaf687ff6e7cc2d6c71addc41bc903bfbb0469fa09c106408ae7c53ba56,31B1,FO 48 CORE,21,53b154a75a9fc42abc2b65a4bb383695ef3b8c9a40ab8b881bad78204510f8a5,line,ordered_wcs_vertices,25.454349429782265,2,25.454349429782265,cad2gis.bulge_tessellation.v1,dimension_measured,e911164d81ae19e686d5fa63cc7f3417ab611cc53d5997750f75f7d9c8f41e51,25.45434942469001,-5.092253729799268e-09,25.454349429782265,25.369080117522774,25.45434942469001,measured,25.4543m,dwg_dimension,m,cad2gis.cable_segment.v1,CABLE-CAD-31B1,,UNAVAILABLE,25.454349429782265,,UNAVAILABLE,SOURCE_ROUTE_SEGMENT,204,,Continuous,-1,0.0,0.0,0.0,CABLE:48|ROT_QGIS:0.000000000,"[{""operation"":""identity"",""source_entity_key"":""85f51eaf687ff6e7cc2d6c71addc41bc903bfbb0469fa09c106408ae7c53ba56"",""max_displacement_m"":0.0},{""operation"":""segment_occurrence"",""parent_feature_key"":""7c6b65192b6af381ebd5a8827d5f8660ecb1e6c539e05bd1b7f6998a0a3f78f0"",""segment_index"":21,""source_segment_key"":""53b154a75a9fc42abc2b65a4bb383695ef3b8c9a40ab8b881bad78204510f8a5"",""source_segment_kind"":""line"",""geometry_policy"":""versioned-source-segment-delivery-path""}]",25.45434942469001,,,
29,CABLE-CAD-31B1,7c6b65192b6af381ebd5a8827d5f8660ecb1e6c539e05bd1b7f6998a0a3f78f0,85f51eaf687ff6e7cc2d6c71addc41bc903bfbb0469fa09c106408ae7c53ba56,31B1,FO 48 CORE,22,3b76cd3d112aaf53d8019fb9264c5b7ffbbb23a2496665d6216d5a5399c3d25e,line,ordered_wcs_vertices,39.2625338831594,2,39.2625338831594,cad2gis.bulge_tessellation.v1,dimension_measured,9392a5f4dd6db34a9bd7670a3e2c7d2de472af795b74d9de1bb8c5b03ac6000f,39.26253388635814,3.198742604126892e-09,39.2625338831594,39.076099891768926,39.26253388635814,measured,39.2625m,dwg_dimension,m,cad2gis.cable_segment.v1,CABLE-CAD-31B1,,UNAVAILABLE,39.2625338831594,,UNAVAILABLE,SOURCE_ROUTE_SEGMENT,204,,Continuous,-1,0.0,0.0,0.0,CABLE:48|ROT_QGIS:0.000000000,"[{""operation"":""identity"",""source_entity_key"":""85f51eaf687ff6e7cc2d6c71addc41bc903bfbb0469fa09c106408ae7c53ba56"",""max_displacement_m"":0.0},{""operation"":""segment_occurrence"",""parent_feature_key"":""7c6b65192b6af381ebd5a8827d5f8660ecb1e6c539e05bd1b7f6998a0a3f78f0"",""segment_index"":22,""source_segment_key"":""3b76cd3d112aaf53d8019fb9264c5b7ffbbb23a2496665d6216d5a5399c3d25e"",""source_segment_kind"":""line"",""geometry_policy"":""versioned-source-segment-delivery-path""}]",39.26253388635814,,,
30,CABLE-CAD-31B1,7c6b65192b6af381ebd5a8827d5f8660ecb1e6c539e05bd1b7f6998a0a3f78f0,85f51eaf687ff6e7cc2d6c71addc41bc903bfbb0469fa09c106408ae7c53ba56,31B1,FO 48 CORE,23,c57c7bd58e8a373773a2453b7fe3e8bf851b470acfd9bf78a80c0fd4dcecda0f,line,ordered_wcs_vertices,39.98348499616952,2,39.98348499616952,cad2gis.bulge_tessellation.v1,dimension_measured,d374e06d93e8449af4721e2f29bf5bedcf935d852145d9e27e52066cbb1ea743,39.98348499648273,3.1320723792305216e-10,39.98348499616952,39.832101399745405,39.98348499648273,measured,39.9835m,dwg_dimension,m,cad2gis.cable_segment.v1,CABLE-CAD-31B1,,UNAVAILABLE,39.98348499616952,,UNAVAILABLE,SOURCE_ROUTE_SEGMENT,204,,Continuous,-1,0.0,0.0,0.0,CABLE:48|ROT_QGIS:0.000000000,"[{""operation"":""identity"",""source_entity_key"":""85f51eaf687ff6e7cc2d6c71addc41bc903bfbb0469fa09c106408ae7c53ba56"",""max_displacement_m"":0.0},{""operation"":""segment_occurrence"",""parent_feature_key"":""7c6b65192b6af381ebd5a8827d5f8660ecb1e6c539e05bd1b7f6998a0a3f78f0"",""segment_index"":23,""source_segment_key"":""c57c7bd58e8a373773a2453b7fe3e8bf851b470acfd9bf78a80c0fd4dcecda0f"",""source_segment_kind"":""line"",""geometry_policy"":""versioned-source-segment-delivery-path""}]",39.98348499648273,,,
31,CABLE-CAD-31B1,7c6b65192b6af381ebd5a8827d5f8660ecb1e6c539e05bd1b7f6998a0a3f78f0,85f51eaf687ff6e7cc2d6c71addc41bc903bfbb0469fa09c106408ae7c53ba56,31B1,FO 48 CORE,24,d2b3406c30368d6272eeff2c8658e275e86e05b993ec0cdef4d62acd15f7441b,line,ordered_wcs_vertices,46.950895349595434,2,46.950895349595434,cad2gis.bulge_tessellation.v1,dimension_measured,e5dc2c00162ea6e9861645d35e852acbee33cef3ae92876f6479223d7e5d565d,46.95089535042643,8.309939403261524e-10,46.950895349595434,46.855882857180944,46.95089535042643,measured,46.9509m,dwg_dimension,m,cad2gis.cable_segment.v1,CABLE-CAD-31B1,,UNAVAILABLE,46.950895349595434,,UNAVAILABLE,SOURCE_ROUTE_SEGMENT,204,,Continuous,-1,0.0,0.0,0.0,CABLE:48|ROT_QGIS:0.000000000,"[{""operation"":""identity"",""source_entity_key"":""85f51eaf687ff6e7cc2d6c71addc41bc903bfbb0469fa09c106408ae7c53ba56"",""max_displacement_m"":0.0},{""operation"":""segment_occurrence"",""parent_feature_key"":""7c6b65192b6af381ebd5a8827d5f8660ecb1e6c539e05bd1b7f6998a0a3f78f0"",""segment_index"":24,""source_segment_key"":""d2b3406c30368d6272eeff2c8658e275e86e05b993ec0cdef4d62acd15f7441b"",""source_segment_kind"":""line"",""geometry_policy"":""versioned-source-segment-delivery-path""}]",46.95089535042643,,,
32,CABLE-CAD-31B1,7c6b65192b6af381ebd5a8827d5f8660ecb1e6c539e05bd1b7f6998a0a3f78f0,85f51eaf687ff6e7cc2d6c71addc41bc903bfbb0469fa09c106408ae7c53ba56,31B1,FO 48 CORE,25,cbc38fab063cc6fcbaf4443748202d87713d28ef56b3114c0cf1ce49b33b84b5,line,ordered_wcs_vertices,44.367283891331255,2,44.367283891331255,cad2gis.bulge_tessellation.v1,dimension_measured,953f7db41c9a8d6632ebf8a12a8c363259dc027cc652fc9a9d55fd9f2f8391f8,44.36728389561176,4.280508392184856e-09,44.367283891331255,44.31821094992859,44.36728389561176,measured,44.3673m,dwg_dimension,m,cad2gis.cable_segment.v1,CABLE-CAD-31B1,,UNAVAILABLE,44.367283891331255,,UNAVAILABLE,SOURCE_ROUTE_SEGMENT,204,,Continuous,-1,0.0,0.0,0.0,CABLE:48|ROT_QGIS:0.000000000,"[{""operation"":""identity"",""source_entity_key"":""85f51eaf687ff6e7cc2d6c71addc41bc903bfbb0469fa09c106408ae7c53ba56"",""max_displacement_m"":0.0},{""operation"":""segment_occurrence"",""parent_feature_key"":""7c6b65192b6af381ebd5a8827d5f8660ecb1e6c539e05bd1b7f6998a0a3f78f0"",""segment_index"":25,""source_segment_key"":""cbc38fab063cc6fcbaf4443748202d87713d28ef56b3114c0cf1ce49b33b84b5"",""source_segment_kind"":""line"",""geometry_policy"":""versioned-source-segment-delivery-path""}]",44.36728389561176,,,
33,CABLE-CAD-31B1,7c6b65192b6af381ebd5a8827d5f8660ecb1e6c539e05bd1b7f6998a0a3f78f0,85f51eaf687ff6e7cc2d6c71addc41bc903bfbb0469fa09c106408ae7c53ba56,31B1,FO 48 CORE,26,f8f76fe5b56ab16d23af247cec8db76a2264fd8cfb8557b5ed1564d7ba5a0999,line,ordered_wcs_vertices,44.090578926477995,2,44.090578926477995,cad2gis.bulge_tessellation.v1,dimension_measured,55ad97b2ab3f94a3df594a9e516bbe940d87fc6540fe47a90cb97d58b4c2b107,44.09057892486453,-1.6134649172272475e-09,44.090578926477995,44.06292298185215,44.09057892486453,measured,44.0906m,dwg_dimension,m,cad2gis.cable_segment.v1,CABLE-CAD-31B1,,UNAVAILABLE,44.090578926477995,,UNAVAILABLE,SOURCE_ROUTE_SEGMENT,204,,Continuous,-1,0.0,0.0,0.0,CABLE:48|ROT_QGIS:0.000000000,"[{""operation"":""identity"",""source_entity_key"":""85f51eaf687ff6e7cc2d6c71addc41bc903bfbb0469fa09c106408ae7c53ba56"",""max_displacement_m"":0.0},{""operation"":""segment_occurrence"",""parent_feature_key"":""7c6b65192b6af381ebd5a8827d5f8660ecb1e6c539e05bd1b7f6998a0a3f78f0"",""segment_index"":26,""source_segment_key"":""f8f76fe5b56ab16d23af247cec8db76a2264fd8cfb8557b5ed1564d7ba5a0999"",""source_segment_kind"":""line"",""geometry_policy"":""versioned-source-segment-delivery-path""}]",44.09057892486453,,,
34,CABLE-CAD-31B1,7c6b65192b6af381ebd5a8827d5f8660ecb1e6c539e05bd1b7f6998a0a3f78f0,85f51eaf687ff6e7cc2d6c71addc41bc903bfbb0469fa09c106408ae7c53ba56,31B1,FO 48 CORE,27,6eaa66f6d9b6ce82528356fab52ce8b049a5737112b3c81eb4119f73324daf25,line,ordered_wcs_vertices,42.89486545405042,2,42.89486545405042,cad2gis.bulge_tessellation.v1,dimension_measured,b70a8a1aa25eb442ad70c043a1d68657b4607cc6ce6a0c73607e13194c274d8f,42.89486545324325,-8.071694423961162e-10,42.89486545405042,42.60681389411333,42.89486545324325,measured,42.8949m,dwg_dimension,m,cad2gis.cable_segment.v1,CABLE-CAD-31B1,,UNAVAILABLE,42.89486545405042,,UNAVAILABLE,SOURCE_ROUTE_SEGMENT,204,,Continuous,-1,0.0,0.0,0.0,CABLE:48|ROT_QGIS:0.000000000,"[{""operation"":""identity"",""source_entity_key"":""85f51eaf687ff6e7cc2d6c71addc41bc903bfbb0469fa09c106408ae7c53ba56"",""max_displacement_m"":0.0},{""operation"":""segment_occurrence"",""parent_feature_key"":""7c6b65192b6af381ebd5a8827d5f8660ecb1e6c539e05bd1b7f6998a0a3f78f0"",""segment_index"":27,""source_segment_key"":""6eaa66f6d9b6ce82528356fab52ce8b049a5737112b3c81eb4119f73324daf25"",""source_segment_kind"":""line"",""geometry_policy"":""versioned-source-segment-delivery-path""}]",42.89486545324325,,,
35,CABLE-CAD-31B1,7c6b65192b6af381ebd5a8827d5f8660ecb1e6c539e05bd1b7f6998a0a3f78f0,85f51eaf687ff6e7cc2d6c71addc41bc903bfbb0469fa09c106408ae7c53ba56,31B1,FO 48 CORE,28,a9dc107d60e2d65cddec0f68268657fb02dfef0d54294941c6716ecb21359f6b,line,ordered_wcs_vertices,33.53583335936733,2,33.53583335936733,cad2gis.bulge_tessellation.v1,dimension_measured,b7aeb1f9e58da8b71076b6d23612ab65be40f1474a3a9da110b24c709de19435,33.5358333606273,1.2599699061865977e-09,33.53583335936733,33.32340060617888,33.5358333606273,measured,33.5358m,dwg_dimension,m,cad2gis.cable_segment.v1,CABLE-CAD-31B1,,UNAVAILABLE,33.53583335936733,,UNAVAILABLE,SOURCE_ROUTE_SEGMENT,204,,Continuous,-1,0.0,0.0,0.0,CABLE:48|ROT_QGIS:0.000000000,"[{""operation"":""identity"",""source_entity_key"":""85f51eaf687ff6e7cc2d6c71addc41bc903bfbb0469fa09c106408ae7c53ba56"",""max_displacement_m"":0.0},{""operation"":""segment_occurrence"",""parent_feature_key"":""7c6b65192b6af381ebd5a8827d5f8660ecb1e6c539e05bd1b7f6998a0a3f78f0"",""segment_index"":28,""source_segment_key"":""a9dc107d60e2d65cddec0f68268657fb02dfef0d54294941c6716ecb21359f6b"",""source_segment_kind"":""line"",""geometry_policy"":""versioned-source-segment-delivery-path""}]",33.5358333606273,,,
36,CABLE-CAD-31B1,7c6b65192b6af381ebd5a8827d5f8660ecb1e6c539e05bd1b7f6998a0a3f78f0,85f51eaf687ff6e7cc2d6c71addc41bc903bfbb0469fa09c106408ae7c53ba56,31B1,FO 48 CORE,29,efaa9cfe2b6162bb0aa3e16d09df387928eabd06535aa92840efc947f01550ee,line,ordered_wcs_vertices,31.135003766379572,2,31.135003766379572,cad2gis.bulge_tessellation.v1,dimension_measured,ce6a10331909275d604a1645765e8208ed3eb5509a8f23e2fd34a4dc47054258,31.13500376418233,-2.197243276214067e-09,31.135003766379572,31.09671487471691,31.13500376418233,measured,31.135m,dwg_dimension,m,cad2gis.cable_segment.v1,CABLE-CAD-31B1,,UNAVAILABLE,31.135003766379572,,UNAVAILABLE,SOURCE_ROUTE_SEGMENT,204,,Continuous,-1,0.0,0.0,0.0,CABLE:48|ROT_QGIS:0.000000000,"[{""operation"":""identity"",""source_entity_key"":""85f51eaf687ff6e7cc2d6c71addc41bc903bfbb0469fa09c106408ae7c53ba56"",""max_displacement_m"":0.0},{""operation"":""segment_occurrence"",""parent_feature_key"":""7c6b65192b6af381ebd5a8827d5f8660ecb1e6c539e05bd1b7f6998a0a3f78f0"",""segment_index"":29,""source_segment_key"":""efaa9cfe2b6162bb0aa3e16d09df387928eabd06535aa92840efc947f01550ee"",""source_segment_kind"":""line"",""geometry_policy"":""versioned-source-segment-delivery-path""}]",31.13500376418233,,,
37,CABLE-CAD-31B1,7c6b65192b6af381ebd5a8827d5f8660ecb1e6c539e05bd1b7f6998a0a3f78f0,85f51eaf687ff6e7cc2d6c71addc41bc903bfbb0469fa09c106408ae7c53ba56,31B1,FO 48 CORE,30,67ba6468f8a5b98b2daa422cd4fa220a5d35fc9aa9ea658f8d0069170e5ede4d,line,ordered_wcs_vertices,36.20800253465561,2,36.20800253465561,cad2gis.bulge_tessellation.v1,dimension_measured,3ec826ae1288e913eca57f250bba92d01711dba1fed9e091bc05076ee0a598bc,36.20800254121423,6.5586149844421016e-09,36.20800253465561,36.168621799048786,36.20800254121423,measured,36.208m,dwg_dimension,m,cad2gis.cable_segment.v1,CABLE-CAD-31B1,,UNAVAILABLE,36.20800253465561,,UNAVAILABLE,SOURCE_ROUTE_SEGMENT,204,,Continuous,-1,0.0,0.0,0.0,CABLE:48|ROT_QGIS:0.000000000,"[{""operation"":""identity"",""source_entity_key"":""85f51eaf687ff6e7cc2d6c71addc41bc903bfbb0469fa09c106408ae7c53ba56"",""max_displacement_m"":0.0},{""operation"":""segment_occurrence"",""parent_feature_key"":""7c6b65192b6af381ebd5a8827d5f8660ecb1e6c539e05bd1b7f6998a0a3f78f0"",""segment_index"":30,""source_segment_key"":""67ba6468f8a5b98b2daa422cd4fa220a5d35fc9aa9ea658f8d0069170e5ede4d"",""source_segment_kind"":""line"",""geometry_policy"":""versioned-source-segment-delivery-path""}]",36.20800254121423,,,
38,CABLE-CAD-31B1,7c6b65192b6af381ebd5a8827d5f8660ecb1e6c539e05bd1b7f6998a0a3f78f0,85f51eaf687ff6e7cc2d6c71addc41bc903bfbb0469fa09c106408ae7c53ba56,31B1,FO 48 CORE,31,832626a65f2248e77965f4897d2af01fe19ce2a9701a43fecfcff17c9aa0884f,line,ordered_wcs_vertices,45.098763378253196,2,45.098763378253196,cad2gis.bulge_tessellation.v1,dimension_measured,ce232d78769561ec61c90289acbd105493a7e920a133a938f070e35674e0866a,45.09876337647438,-1.7788153172659804e-09,45.098763378253196,45.06767634512317,45.09876337647438,measured,45.0988m,dwg_dimension,m,cad2gis.cable_segment.v1,CABLE-CAD-31B1,,UNAVAILABLE,45.098763378253196,,UNAVAILABLE,SOURCE_ROUTE_SEGMENT,204,,Continuous,-1,0.0,0.0,0.0,CABLE:48|ROT_QGIS:0.000000000,"[{""operation"":""identity"",""source_entity_key"":""85f51eaf687ff6e7cc2d6c71addc41bc903bfbb0469fa09c106408ae7c53ba56"",""max_displacement_m"":0.0},{""operation"":""segment_occurrence"",""parent_feature_key"":""7c6b65192b6af381ebd5a8827d5f8660ecb1e6c539e05bd1b7f6998a0a3f78f0"",""segment_index"":31,""source_segment_key"":""832626a65f2248e77965f4897d2af01fe19ce2a9701a43fecfcff17c9aa0884f"",""source_segment_kind"":""line"",""geometry_policy"":""versioned-source-segment-delivery-path""}]",45.09876337647438,,,
39,CABLE-CAD-3240,92eeafacf90d698e918e061d67f2d2383128e203d3ba2a10b997e435bf1e572e,b227500fdbff7cfbaeff127c06736c26d9991abca8a63572189106ce3cfcc223,3240,SLING WIRE,0,e1c4cc36fa435e55491a9ce3ed5f354037df2d2138d3f4bc2be284e96678a21f,line,ordered_wcs_vertices,40.75716657372906,2,40.75716657372906,cad2gis.bulge_tessellation.v1,dimension_measured,eda96b3fef1977891a9e38ce6b2bd3845a79d891999b371730e383d603af971e,40.75716657412704,3.979820917265897e-10,40.75716657372906,40.47589754167655,40.75716657412704,measured,40.7572m,dwg_dimension,m,cad2gis.cable_segment.v1,CABLE-CAD-3240,,UNAVAILABLE,40.75716657372906,,UNAVAILABLE,SOURCE_ROUTE_SEGMENT,4,,Continuous,-1,0.0,0.0,0.0,CABLE:SLING WIRE|ROT_QGIS:0.000000000,"[{""operation"":""identity"",""source_entity_key"":""b227500fdbff7cfbaeff127c06736c26d9991abca8a63572189106ce3cfcc223"",""max_displacement_m"":0.0},{""operation"":""segment_occurrence"",""parent_feature_key"":""92eeafacf90d698e918e061d67f2d2383128e203d3ba2a10b997e435bf1e572e"",""segment_index"":0,""source_segment_key"":""e1c4cc36fa435e55491a9ce3ed5f354037df2d2138d3f4bc2be284e96678a21f"",""source_segment_kind"":""line"",""geometry_policy"":""versioned-source-segment-delivery-path""}]",40.75716657412704,,,
40,CABLE-CAD-323E,c03224ea7cb99165d9428f60fe36d34311fcb5c7c4ee84a83ee988cf95a540a8,08aded885f3047f22b54cd096ad65443a666177dd7c61f41cafbb5f835a5a1f9,323E,SLING WIRE,0,183509650c8037656c5c14c33a11990c08f16ebe56622e994be75023ce68cd49,line,ordered_wcs_vertices,37.48211109796139,2,37.48211109796139,cad2gis.bulge_tessellation.v1,dimension_measured,f362689b9277eb697587fe297cafc07097c58003c43d50b87c9e5c82e3d4b592,37.48211110383272,5.8713283124234295e-09,37.48211109796139,37.426690048831084,37.48211110383272,measured,37.4821m,dwg_dimension,m,cad2gis.cable_segment.v1,CABLE-CAD-323E,,UNAVAILABLE,37.48211109796139,,UNAVAILABLE,SOURCE_ROUTE_SEGMENT,4,,Continuous,-1,0.0,0.0,0.0,CABLE:SLING WIRE|ROT_QGIS:0.000000000,"[{""operation"":""identity"",""source_entity_key"":""08aded885f3047f22b54cd096ad65443a666177dd7c61f41cafbb5f835a5a1f9"",""max_displacement_m"":0.0},{""operation"":""segment_occurrence"",""parent_feature_key"":""c03224ea7cb99165d9428f60fe36d34311fcb5c7c4ee84a83ee988cf95a540a8"",""segment_index"":0,""source_segment_key"":""183509650c8037656c5c14c33a11990c08f16ebe56622e994be75023ce68cd49"",""source_segment_kind"":""line"",""geometry_policy"":""versioned-source-segment-delivery-path""}]",37.48211110383272,,,
41,CABLE-CAD-3246,caf147629d906e405254cdbc81bbf1a2c584c3d8800ffc8f653ad9a29f1258fb,4b0c7fcaea23487d8bffc5eaa87d8e65ec653460454b9c0eea770d80dd8b77fe,3246,SLING WIRE,0,8bb9ecff31dc491df83108641afc1fde2c61770543925d334522999d889d01c2,line,ordered_wcs_vertices,31.116578462427604,2,31.116578462427604,cad2gis.bulge_tessellation.v1,dimension_measured,e2834ac8aa304542bf47a2d273003d507b67c81893b8b955614977c3c3917cba,31.11657846393064,1.5030359179490915e-09,31.116578462427604,30.91213163772499,31.11657846393064,measured,31.1166m,dwg_dimension,m,cad2gis.cable_segment.v1,CABLE-CAD-3246,,UNAVAILABLE,31.116578462427604,,UNAVAILABLE,SOURCE_ROUTE_SEGMENT,4,,Continuous,-1,0.0,0.0,0.0,CABLE:SLING WIRE|ROT_QGIS:0.000000000,"[{""operation"":""identity"",""source_entity_key"":""4b0c7fcaea23487d8bffc5eaa87d8e65ec653460454b9c0eea770d80dd8b77fe"",""max_displacement_m"":0.0},{""operation"":""segment_occurrence"",""parent_feature_key"":""caf147629d906e405254cdbc81bbf1a2c584c3d8800ffc8f653ad9a29f1258fb"",""segment_index"":0,""source_segment_key"":""8bb9ecff31dc491df83108641afc1fde2c61770543925d334522999d889d01c2"",""source_segment_kind"":""line"",""geometry_policy"":""versioned-source-segment-delivery-path""}]",31.11657846393064,,,
42,CABLE-CAD-3242,e62ad5e9ae2d9be4f3556917df6a5b5f245f2d83ad1a381387c72e8df5edbce3,1dfee5ea9fbc16efc5751945629aeb645b154a2134f9ca872451cdf2d9c725d8,3242,SLING WIRE,0,10a31e0791adc777d0b4e7a27b5a8586bdac033679bfc0d375d1a7983d0a475c,line,ordered_wcs_vertices,35.43545105111401,2,35.43545105111401,cad2gis.bulge_tessellation.v1,dimension_measured,f070be39923be9412196d497140af8cf4b3e0235b2358ea0cf6c2d9c9ff15283,35.43545104935765,-1.7563550613886036e-09,35.43545105111401,35.28890997273591,35.43545104935765,measured,35.4355m,dwg_dimension,m,cad2gis.cable_segment.v1,CABLE-CAD-3242,,UNAVAILABLE,35.43545105111401,,UNAVAILABLE,SOURCE_ROUTE_SEGMENT,4,,Continuous,-1,0.0,0.0,0.0,CABLE:SLING WIRE|ROT_QGIS:0.000000000,"[{""operation"":""identity"",""source_entity_key"":""1dfee5ea9fbc16efc5751945629aeb645b154a2134f9ca872451cdf2d9c725d8"",""max_displacement_m"":0.0},{""operation"":""segment_occurrence"",""parent_feature_key"":""e62ad5e9ae2d9be4f3556917df6a5b5f245f2d83ad1a381387c72e8df5edbce3"",""segment_index"":0,""source_segment_key"":""10a31e0791adc777d0b4e7a27b5a8586bdac033679bfc0d375d1a7983d0a475c"",""source_segment_kind"":""line"",""geometry_policy"":""versioned-source-segment-delivery-path""}]",35.43545104935765,,,
43,CABLE-CAD-3244,ea287485cd9933d386f6b72f2feeba95d30e08af25b86f51151655a859a45083,614e85f7ef50951c5da7745eef2d978d74642d1ba98c603770f71e4b7866bc4f,3244,SLING WIRE,0,a9c49d8563138f83c9f0611935a33f40cda30bee7c67cfa327c30229ab7d46e3,line,ordered_wcs_vertices,47.13682378512242,2,47.13682378512242,cad2gis.bulge_tessellation.v1,dimension_measured,6d7698a71d03afcad40d8b8e7e258a5bd2e636be423927d0d13c05f727d6a69a,47.13682378083468,-4.2877346118075366e-09,47.13682378512242,46.949110076236,47.13682378083468,measured,47.1368m,dwg_dimension,m,cad2gis.cable_segment.v1,CABLE-CAD-3244,,UNAVAILABLE,47.13682378512242,,UNAVAILABLE,SOURCE_ROUTE_SEGMENT,4,,Continuous,-1,0.0,0.0,0.0,CABLE:SLING WIRE|ROT_QGIS:0.000000000,"[{""operation"":""identity"",""source_entity_key"":""614e85f7ef50951c5da7745eef2d978d74642d1ba98c603770f71e4b7866bc4f"",""max_displacement_m"":0.0},{""operation"":""segment_occurrence"",""parent_feature_key"":""ea287485cd9933d386f6b72f2feeba95d30e08af25b86f51151655a859a45083"",""segment_index"":0,""source_segment_key"":""a9c49d8563138f83c9f0611935a33f40cda30bee7c67cfa327c30229ab7d46e3"",""source_segment_kind"":""line"",""geometry_policy"":""versioned-source-segment-delivery-path""}]",47.13682378083468,,,
44,CABLE-CAD-324C,f888e012cb6815077819f598a03960c06d92278479662db4378e3aa8cf9efcae,2c734cde14d46d058972588777cc2080f33b11522838c7cc0e1950e11794f21b,324C,SLING WIRE,0,4738330cafd9a015ce42f36d93e66e4696b12c80bdd73aa4878df05706870d9c,line,ordered_wcs_vertices,26.95996745848243,2,26.95996745848243,cad2gis.bulge_tessellation.v1,dimension_measured,61f7266b8016dee282690f0b96fd90749cbea1339470f11eadd36e152b132306,26.95996746048332,2.000888343900442e-09,26.95996745848243,26.94216641055495,26.95996746048332,measured,26.96m,dwg_dimension,m,cad2gis.cable_segment.v1,CABLE-CAD-324C,,UNAVAILABLE,26.95996745848243,,UNAVAILABLE,SOURCE_ROUTE_SEGMENT,4,,Continuous,-1,0.0,0.0,0.0,CABLE:SLING WIRE|ROT_QGIS:0.000000000,"[{""operation"":""identity"",""source_entity_key"":""2c734cde14d46d058972588777cc2080f33b11522838c7cc0e1950e11794f21b"",""max_displacement_m"":0.0},{""operation"":""segment_occurrence"",""parent_feature_key"":""f888e012cb6815077819f598a03960c06d92278479662db4378e3aa8cf9efcae"",""segment_index"":0,""source_segment_key"":""4738330cafd9a015ce42f36d93e66e4696b12c80bdd73aa4878df05706870d9c"",""source_segment_kind"":""line"",""geometry_policy"":""versioned-source-segment-delivery-path""}]",26.95996746048332,,,
