fid,CODE,REF_PLAQUE,REGION,PROVINCE,VILLE,COMMUNE,CODE_POSTAL,NUMERO_VOIE,TYPE_VOIE,TYPE_BATIMENT,TYPE_CLIENT,NB_LOC_RES,NB_LOC_PRO,NB_LOC_TOT,RACCORDEMENT,STATUT,NB_ETAGE,COL_MONTANTE,SOUS_SOL,SOUS_SOL_COMMUN,BPE_CODE,X,Y,display_label,label_provenance,source_entity_key,source_handle,source_layer,geometry_role,style_aci,style_truecolor,style_linetype,style_lineweight,style_rotation,style_rotation_deg,style_qgis_rotation_deg,style_render_key,lineage_json,source_cad_length_m,dimension_length_m,source_segment_sum_m,source_native_length_delta_m,delivery_grid_length_m,geodesic_length_m
1,GUDANG-28,,,,,,,,,,,,,,,,,,,,,12543659.757336618,-821736.9269243343,GUDANG-28,DWG_DIRECT:text|RULE:AI-IMB-LABEL-001,ec7d27635e753087f6298637104a42a3048a3328dc3c0922b77010fbe0eef852,583,HP REDUCE,SOURCE_HOME_LABEL,251,,BYLAYER,-1,6.10264176738171,349.6556171512295,10.194596988846056,ACI:251|LT:BYLAYER|LW:-1|ROT_QGIS:10.194596989,"[{""operation"":""identity"",""source_entity_key"":""ec7d27635e753087f6298637104a42a3048a3328dc3c0922b77010fbe0eef852"",""max_displacement_m"":0.0}]",,,,,,
2,NN-34,,,,,,,,,,,,,,,,,,,,,12543693.384827586,-821566.904284185,NN-34,DWG_DIRECT:text|RULE:AI-IMB-LABEL-001,4677a2331aeadf13c0762b4e1e8e2db785f668fd2908d58cefd1645c8176bbb1,5B1,Home Number,SOURCE_HOME_LABEL,6,,BYLAYER,-1,6.073628224876041,347.9932636169312,11.867170230055843,ACI:6|LT:BYLAYER|LW:-1|ROT_QGIS:11.867170230,"[{""operation"":""identity"",""source_entity_key"":""4677a2331aeadf13c0762b4e1e8e2db785f668fd2908d58cefd1645c8176bbb1"",""max_displacement_m"":0.0}]",,,,,,
3,GUDANG-15,,,,,,,,,,,,,,,,,,,,,12543775.912324224,-821863.0878543693,GUDANG-15,DWG_DIRECT:text|RULE:AI-IMB-LABEL-001,a3660e7dd57da5e2a40bb63acc4066ed287ea2f0cf5941b9a0cb1307ecf48a85,576,HP REDUCE,SOURCE_HOME_LABEL,251,,BYLAYER,-1,6.10264176738171,349.6556171512295,10.194429093961105,ACI:251|LT:BYLAYER|LW:-1|ROT_QGIS:10.194429094,"[{""operation"":""identity"",""source_entity_key"":""a3660e7dd57da5e2a40bb63acc4066ed287ea2f0cf5941b9a0cb1307ecf48a85"",""max_displacement_m"":0.0}]",,,,,,
4,NN-36,,,,,,,,,,,,,,,,,,,,,12543806.976702265,-821513.9307997593,NN-36,DWG_DIRECT:text|RULE:AI-IMB-LABEL-001,770288313f46a5931342b2e96c13c0c752cab5d1cf7378d75b7a2412577d1ad3,5B3,Home Number,SOURCE_HOME_LABEL,6,,BYLAYER,-1,6.073628224876041,347.9932636169312,11.867052587013541,ACI:6|LT:BYLAYER|LW:-1|ROT_QGIS:11.867052587,"[{""operation"":""identity"",""source_entity_key"":""770288313f46a5931342b2e96c13c0c752cab5d1cf7378d75b7a2412577d1ad3"",""max_displacement_m"":0.0}]",,,,,,
5,NN-55,,,,,,,,,,,,,,,,,,,,,12543708.923767269,-821626.5387415879,NN-55,DWG_DIRECT:text|RULE:AI-IMB-LABEL-001,2b78e5d33125290cdac0937c6a744ccee8edeab88a7cb2bdfffd474ade9e3cbf,5C6,Home Number,SOURCE_HOME_LABEL,6,,BYLAYER,-1,1.3861238335335448,79.4190455439664,280.29860891414853,ACI:6|LT:BYLAYER|LW:-1|ROT_QGIS:280.298608914,"[{""operation"":""identity"",""source_entity_key"":""2b78e5d33125290cdac0937c6a744ccee8edeab88a7cb2bdfffd474ade9e3cbf"",""max_displacement_m"":0.0}]",,,,,,
6,NN-119,,,,,,,,,,,,,,,,,,,,,12543811.819040809,-821483.9402105291,NN-119,DWG_DIRECT:text|RULE:AI-IMB-LABEL-001,126971798582e6644acb0e95faffc0493322a6a5bf7596d3d04e1ff859c895b9,609,Home Number,SOURCE_HOME_LABEL,6,,BYLAYER,-1,1.4862600622721747,85.15642882704653,274.5975922741346,ACI:6|LT:BYLAYER|LW:-1|ROT_QGIS:274.597592274,"[{""operation"":""identity"",""source_entity_key"":""126971798582e6644acb0e95faffc0493322a6a5bf7596d3d04e1ff859c895b9"",""max_displacement_m"":0.0}]",,,,,,
7,NN-23,,,,,,,,,,,,,,,,,,,,,12543719.603909492,-821590.8637746897,NN-23,DWG_DIRECT:text|RULE:AI-IMB-LABEL-001,81f80c35b90451b50eabe5c270af00d6bcaa70f26978e358c8e5cf787c081869,5A6,Home Number,SOURCE_HOME_LABEL,6,,BYLAYER,-1,6.073628224876041,347.9932636169312,11.867133527634694,ACI:6|LT:BYLAYER|LW:-1|ROT_QGIS:11.867133528,"[{""operation"":""identity"",""source_entity_key"":""81f80c35b90451b50eabe5c270af00d6bcaa70f26978e358c8e5cf787c081869"",""max_displacement_m"":0.0}]",,,,,,
8,NN-1,,,,,,,,,,,,,,,,,,,,,12543599.81451047,-821622.0950563117,NN-1,DWG_DIRECT:text|RULE:AI-IMB-LABEL-001,25a786888fa0ec681a6281fd5ede6de8a6260ecd122a6b8aa776e2888973363c,4BE,Home Number,SOURCE_HOME_LABEL,6,,BYLAYER,-1,6.073628224876041,347.9932636169312,11.867264121263089,ACI:6|LT:BYLAYER|LW:-1|ROT_QGIS:11.867264121,"[{""operation"":""identity"",""source_entity_key"":""25a786888fa0ec681a6281fd5ede6de8a6260ecd122a6b8aa776e2888973363c"",""max_displacement_m"":0.0}]",,,,,,
9,NN-47,,,,,,,,,,,,,,,,,,,,,12543642.968535243,-821612.1217640885,NN-47,DWG_DIRECT:text|RULE:AI-IMB-LABEL-001,7f36e82795fa44faf070fca188dae0fd280e39731f8a493097194ff562f955d2,5BE,Home Number,SOURCE_HOME_LABEL,6,,BYLAYER,-1,1.3861238335335448,79.4190455439664,280.2986880962126,ACI:6|LT:BYLAYER|LW:-1|ROT_QGIS:280.298688096,"[{""operation"":""identity"",""source_entity_key"":""7f36e82795fa44faf070fca188dae0fd280e39731f8a493097194ff562f955d2"",""max_displacement_m"":0.0}]",,,,,,
10,NN-122,,,,,,,,,,,,,,,,,,,,,12543829.730231658,-821485.7232067419,NN-122,DWG_DIRECT:text|RULE:AI-IMB-LABEL-001,c100e73a7b782fb94b749906ae706da32e024eead4869d256b461537246d4057,60C,Home Number,SOURCE_HOME_LABEL,6,,BYLAYER,-1,1.4862600622721747,85.15642882704653,274.5975712716247,ACI:6|LT:BYLAYER|LW:-1|ROT_QGIS:274.597571272,"[{""operation"":""identity"",""source_entity_key"":""c100e73a7b782fb94b749906ae706da32e024eead4869d256b461537246d4057"",""max_displacement_m"":0.0}]",,,,,,
11,NN-108,,,,,,,,,,,,,,,,,,,,,12543708.832843296,-821481.7908812268,NN-108,DWG_DIRECT:text|RULE:AI-IMB-LABEL-001,df922800e111ee3a219c56d09ed5171ef1d455c2214ae98eae53cde0bc8682ef,5FE,Home Number,SOURCE_HOME_LABEL,6,,BYLAYER,-1,1.4862600622721747,85.15642882704653,274.597710687685,ACI:6|LT:BYLAYER|LW:-1|ROT_QGIS:274.597710688,"[{""operation"":""identity"",""source_entity_key"":""df922800e111ee3a219c56d09ed5171ef1d455c2214ae98eae53cde0bc8682ef"",""max_displacement_m"":0.0}]",,,,,,
12,NN-69,,,,,,,,,,,,,,,,,,,,,12543618.097248457,-821573.04701761,NN-69,DWG_DIRECT:text|RULE:AI-IMB-LABEL-001,b5d58b0d3fd08747d79065a2351902679628d06ff27c8467235d05d3d7d28783,5D7,Home Number,SOURCE_HOME_LABEL,6,,BYLAYER,-1,4.555860467128021,261.0315768169353,98.69623255993096,ACI:6|LT:BYLAYER|LW:-1|ROT_QGIS:98.696232560,"[{""operation"":""identity"",""source_entity_key"":""b5d58b0d3fd08747d79065a2351902679628d06ff27c8467235d05d3d7d28783"",""max_displacement_m"":0.0}]",,,,,,
13,NN-19,,,,,,,,,,,,,,,,,,,,,12543718.505968442,-821606.5815259794,NN-19,DWG_DIRECT:text|RULE:AI-IMB-LABEL-001,6a707bf0fca00ba6554fff100243b37447b658de6af9e4e0f3de22871e4dee0e,5A2,Home Number,SOURCE_HOME_LABEL,6,,BYLAYER,-1,6.073628224876041,347.9932636169312,11.867130666708073,ACI:6|LT:BYLAYER|LW:-1|ROT_QGIS:11.867130667,"[{""operation"":""identity"",""source_entity_key"":""6a707bf0fca00ba6554fff100243b37447b658de6af9e4e0f3de22871e4dee0e"",""max_displacement_m"":0.0}]",,,,,,
14,NN-24,,,,,,,,,,,,,,,,,,,,,12543720.22794276,-821586.0832706346,NN-24,DWG_DIRECT:text|RULE:AI-IMB-LABEL-001,565d5a6d004b7d5fadee22e9e3203f05b28a3d409d81c19162d22d109b631767,5A7,Home Number,SOURCE_HOME_LABEL,6,,BYLAYER,-1,6.073628224876041,347.9932636169312,11.867134059632711,ACI:6|LT:BYLAYER|LW:-1|ROT_QGIS:11.867134060,"[{""operation"":""identity"",""source_entity_key"":""565d5a6d004b7d5fadee22e9e3203f05b28a3d409d81c19162d22d109b631767"",""max_displacement_m"":0.0}]",,,,,,
15,NN-84,,,,,,,,,,,,,,,,,,,,,12543756.427397793,-821535.7644194923,NN-84,DWG_DIRECT:text|RULE:AI-IMB-LABEL-001,d1441e7fdce822f841e2478dcd59c166b0ff71728c86852bb835a3187fa2aceb,5E6,Home Number,SOURCE_HOME_LABEL,6,,BYLAYER,-1,1.4862600622721747,85.15642882704653,274.59764231404154,ACI:6|LT:BYLAYER|LW:-1|ROT_QGIS:274.597642314,"[{""operation"":""identity"",""source_entity_key"":""d1441e7fdce822f841e2478dcd59c166b0ff71728c86852bb835a3187fa2aceb"",""max_displacement_m"":0.0}]",,,,,,
16,NN-124,,,,,,,,,,,,,,,,,,,,,12543839.85269644,-821486.3967211338,NN-124,DWG_DIRECT:text|RULE:AI-IMB-LABEL-001,b2faac8122c16002c707bd94c78b5ee40a3f5a597f7a31cc899e452ae7ea68b0,60E,Home Number,SOURCE_HOME_LABEL,6,,BYLAYER,-1,1.4862600622721747,85.15642882704653,274.5975596076075,ACI:6|LT:BYLAYER|LW:-1|ROT_QGIS:274.597559608,"[{""operation"":""identity"",""source_entity_key"":""b2faac8122c16002c707bd94c78b5ee40a3f5a597f7a31cc899e452ae7ea68b0"",""max_displacement_m"":0.0}]",,,,,,
17,NN-57,,,,,,,,,,,,,,,,,,,,,12543725.83871559,-821630.1358522361,NN-57,DWG_DIRECT:text|RULE:AI-IMB-LABEL-001,b560bb55e004242652f21f97221489d365d1fc50fa2b368c1a469814ae8aa5ba,5C9,Home Number,SOURCE_HOME_LABEL,6,,BYLAYER,-1,1.3861238335335448,79.4190455439664,280.2985886556084,ACI:6|LT:BYLAYER|LW:-1|ROT_QGIS:280.298588656,"[{""operation"":""identity"",""source_entity_key"":""b560bb55e004242652f21f97221489d365d1fc50fa2b368c1a469814ae8aa5ba"",""max_displacement_m"":0.0}]",,,,,,
18,NN-128,,,,,,,,,,,,,,,,,,,,,12543868.910171367,-821503.8011171136,NN-128,DWG_DIRECT:text|RULE:AI-IMB-LABEL-001,d32587b1dfc600e66106591a9839012e433c8d54fefbc37ecb08286ed07f88e8,612,Home Number,SOURCE_HOME_LABEL,6,,BYLAYER,-1,1.4862600622721747,85.15642882704653,274.5975219210748,ACI:6|LT:BYLAYER|LW:-1|ROT_QGIS:274.597521921,"[{""operation"":""identity"",""source_entity_key"":""d32587b1dfc600e66106591a9839012e433c8d54fefbc37ecb08286ed07f88e8"",""max_displacement_m"":0.0}]",,,,,,
19,NN-3,,,,,,,,,,,,,,,,,,,,,12543586.281177215,-821599.9171024816,NN-3,DWG_DIRECT:text|RULE:AI-IMB-LABEL-001,d49794fa474bddb8a98c8d8579068c1460703c589736c8449284cfbe52d5aaeb,592,Home Number,SOURCE_HOME_LABEL,6,,BYLAYER,-1,6.073628224876041,347.9932636169312,11.867285614112928,ACI:6|LT:BYLAYER|LW:-1|ROT_QGIS:11.867285614,"[{""operation"":""identity"",""source_entity_key"":""d49794fa474bddb8a98c8d8579068c1460703c589736c8449284cfbe52d5aaeb"",""max_displacement_m"":0.0}]",,,,,,
20,NN-5,,,,,,,,,,,,,,,,,,,,,12543600.336852595,-821568.7055086589,NN-5,DWG_DIRECT:text|RULE:AI-IMB-LABEL-001,e231b107f6b35a143d6d6f68781ade8b6499f1490839c4e7a5a4755ecef90598,594,Home Number,SOURCE_HOME_LABEL,6,,BYLAYER,-1,6.073628224876041,347.9932636169312,11.867277588494696,ACI:6|LT:BYLAYER|LW:-1|ROT_QGIS:11.867277588,"[{""operation"":""identity"",""source_entity_key"":""e231b107f6b35a143d6d6f68781ade8b6499f1490839c4e7a5a4755ecef90598"",""max_displacement_m"":0.0}]",,,,,,
21,NN-112,,,,,,,,,,,,,,,,,,,,,12543735.525064955,-821483.8866949436,NN-112,DWG_DIRECT:text|RULE:AI-IMB-LABEL-001,034b1dea1882c8210edd78b8544c6919f6fbd3b1c80229cd0bba0dedde0c4947,602,Home Number,SOURCE_HOME_LABEL,6,,BYLAYER,-1,1.4862600622721747,85.15642882704653,274.59767951395304,ACI:6|LT:BYLAYER|LW:-1|ROT_QGIS:274.597679514,"[{""operation"":""identity"",""source_entity_key"":""034b1dea1882c8210edd78b8544c6919f6fbd3b1c80229cd0bba0dedde0c4947"",""max_displacement_m"":0.0}]",,,,,,
22,NN-104,,,,,,,,,,,,,,,,,,,,,12543638.714705018,-821477.4581575193,NN-104,DWG_DIRECT:text|RULE:AI-IMB-LABEL-001,b7d6a563ebb57e0216eddf0dfc195184ebea5f903d4474a85ffa25d43333f46f,5FA,Home Number,SOURCE_HOME_LABEL,6,,BYLAYER,-1,1.4862600622721747,85.15642882704653,274.5977920091351,ACI:6|LT:BYLAYER|LW:-1|ROT_QGIS:274.597792009,"[{""operation"":""identity"",""source_entity_key"":""b7d6a563ebb57e0216eddf0dfc195184ebea5f903d4474a85ffa25d43333f46f"",""max_displacement_m"":0.0}]",,,,,,
23,NN-93,,,,,,,,,,,,,,,,,,,,,12543688.678374294,-821531.6440232728,NN-93,DWG_DIRECT:text|RULE:AI-IMB-LABEL-001,16725c36b10043fbc881504e1ee99c6f1cf768fb035f4f9ee3392520c91b93ce,5EF,Home Number,SOURCE_HOME_LABEL,6,,BYLAYER,-1,1.4862600622721747,85.15642882704653,274.5977209296072,ACI:6|LT:BYLAYER|LW:-1|ROT_QGIS:274.597720930,"[{""operation"":""identity"",""source_entity_key"":""16725c36b10043fbc881504e1ee99c6f1cf768fb035f4f9ee3392520c91b93ce"",""max_displacement_m"":0.0}]",,,,,,
24,NN-50,,,,,,,,,,,,,,,,,,,,,12543665.761302443,-821616.9242044117,NN-50,DWG_DIRECT:text|RULE:AI-IMB-LABEL-001,854a7dc1cf7d5355aa93a8d4fd943afe9a0f915f4820b98e4e17b250f9b26b48,5C1,Home Number,SOURCE_HOME_LABEL,6,,BYLAYER,-1,1.3861238335335448,79.4190455439664,280.29866089394534,ACI:6|LT:BYLAYER|LW:-1|ROT_QGIS:280.298660894,"[{""operation"":""identity"",""source_entity_key"":""854a7dc1cf7d5355aa93a8d4fd943afe9a0f915f4820b98e4e17b250f9b26b48"",""max_displacement_m"":0.0}]",,,,,,
25,NN-25,,,,,,,,,,,,,,,,,,,,,12543720.27427968,-821581.3049575487,NN-25,DWG_DIRECT:text|RULE:AI-IMB-LABEL-001,e87df99ff2e4548ab3ea7483e58dde2acf712a6fdad5d6eb437ee78b474fd83c,5A8,Home Number,SOURCE_HOME_LABEL,6,,BYLAYER,-1,6.073628224876041,347.9932636169312,11.867135267114378,ACI:6|LT:BYLAYER|LW:-1|ROT_QGIS:11.867135267,"[{""operation"":""identity"",""source_entity_key"":""e87df99ff2e4548ab3ea7483e58dde2acf712a6fdad5d6eb437ee78b474fd83c"",""max_displacement_m"":0.0}]",,,,,,
26,NN-9,,,,,,,,,,,,,,,,,,,,,12543604.200171053,-821539.8941190309,NN-9,DWG_DIRECT:text|RULE:AI-IMB-LABEL-001,fde7185866b2f3a8a00c3951fe60fce7f3b3b3cf3e31f25db4b72269ff3c7ec4,598,Home Number,SOURCE_HOME_LABEL,6,,BYLAYER,-1,6.073628224876041,347.9932636169312,11.867280655807411,ACI:6|LT:BYLAYER|LW:-1|ROT_QGIS:11.867280656,"[{""operation"":""identity"",""source_entity_key"":""fde7185866b2f3a8a00c3951fe60fce7f3b3b3cf3e31f25db4b72269ff3c7ec4"",""max_displacement_m"":0.0}]",,,,,,
27,NN-33,,,,,,,,,,,,,,,,,,,,,12543695.935517982,-821562.3747659257,NN-33,DWG_DIRECT:text|RULE:AI-IMB-LABEL-001,bf8dc32fb1696365dc15701fcf91b86671102e27a6021f7f082fdabcdca57dab,5B0,Home Number,SOURCE_HOME_LABEL,6,,BYLAYER,-1,6.073628224876041,347.9932636169312,11.867168463761676,ACI:6|LT:BYLAYER|LW:-1|ROT_QGIS:11.867168464,"[{""operation"":""identity"",""source_entity_key"":""bf8dc32fb1696365dc15701fcf91b86671102e27a6021f7f082fdabcdca57dab"",""max_displacement_m"":0.0}]",,,,,,
28,NN-127,,,,,,,,,,,,,,,,,,,,,12543859.97395944,-821486.5300571908,NN-127,DWG_DIRECT:text|RULE:AI-IMB-LABEL-001,33e611757609cf949f4e6412e378f9a5c20c6f98e7299093558e53d34d3268b7,611,Home Number,SOURCE_HOME_LABEL,6,,BYLAYER,-1,1.4862600622721747,85.15642882704653,274.59753650081825,ACI:6|LT:BYLAYER|LW:-1|ROT_QGIS:274.597536501,"[{""operation"":""identity"",""source_entity_key"":""33e611757609cf949f4e6412e378f9a5c20c6f98e7299093558e53d34d3268b7"",""max_displacement_m"":0.0}]",,,,,,
29,NN-17,,,,,,,,,,,,,,,,,,,,,12543605.887470165,-821490.141795188,NN-17,DWG_DIRECT:text|RULE:AI-IMB-LABEL-001,3fb361f228d524fe64ee60d58b6f84e73f452557bd21cd4207e4b65881317f51,5A0,Home Number,SOURCE_HOME_LABEL,6,,BYLAYER,-1,6.073628224876041,347.9932636169312,11.867291893942832,ACI:6|LT:BYLAYER|LW:-1|ROT_QGIS:11.867291894,"[{""operation"":""identity"",""source_entity_key"":""3fb361f228d524fe64ee60d58b6f84e73f452557bd21cd4207e4b65881317f51"",""max_displacement_m"":0.0}]",,,,,,
30,NN-46,,,,,,,,,,,,,,,,,,,,,12543637.107730815,-821611.0918896596,NN-46,DWG_DIRECT:text|RULE:AI-IMB-LABEL-001,87f505ad5032ec024fa96a38aca4a774b728dbd56e99bffa581c0290a8001eac,5BD,Home Number,SOURCE_HOME_LABEL,6,,BYLAYER,-1,1.3861238335335448,79.4190455439664,280.29869508348617,ACI:6|LT:BYLAYER|LW:-1|ROT_QGIS:280.298695083,"[{""operation"":""identity"",""source_entity_key"":""87f505ad5032ec024fa96a38aca4a774b728dbd56e99bffa581c0290a8001eac"",""max_displacement_m"":0.0}]",,,,,,
31,GUDANG-11,,,,,,,,,,,,,,,,,,,,,12543764.921284547,-821914.077318345,GUDANG-11,DWG_DIRECT:text|RULE:AI-IMB-LABEL-001,9c0dd656c625bbf3a53806a048e3b5c93a20802c68a230a1b796f428d6d2f149,572,HP REDUCE,SOURCE_HOME_LABEL,251,,BYLAYER,-1,6.10264176738171,349.6556171512295,10.194428247473073,ACI:251|LT:BYLAYER|LW:-1|ROT_QGIS:10.194428247,"[{""operation"":""identity"",""source_entity_key"":""9c0dd656c625bbf3a53806a048e3b5c93a20802c68a230a1b796f428d6d2f149"",""max_displacement_m"":0.0}]",,,,,,
32,GUDANG-25,,,,,,,,,,,,,,,,,,,,,12543829.783757977,-821666.0484213886,GUDANG-25,DWG_DIRECT:text|RULE:AI-IMB-LABEL-001,b72eb81d352d9849894b1e1bbcbfc872936957e2a748b60ecdde02aa631b4670,580,HP REDUCE,SOURCE_HOME_LABEL,251,,BYLAYER,-1,6.10264176738171,349.6556171512295,10.194418506234754,ACI:251|LT:BYLAYER|LW:-1|ROT_QGIS:10.194418506,"[{""operation"":""identity"",""source_entity_key"":""b72eb81d352d9849894b1e1bbcbfc872936957e2a748b60ecdde02aa631b4670"",""max_displacement_m"":0.0}]",,,,,,
33,NN-53,,,,,,,,,,,,,,,,,,,,,12543699.294050844,-821624.5131682623,NN-53,DWG_DIRECT:text|RULE:AI-IMB-LABEL-001,e8601faf4b3e01352f7655e833eb04f1c65b4f4cde7da6bf730bbde5b0198d16,5C4,Home Number,SOURCE_HOME_LABEL,6,,BYLAYER,-1,1.3861238335335448,79.4190455439664,280.29862052506905,ACI:6|LT:BYLAYER|LW:-1|ROT_QGIS:280.298620525,"[{""operation"":""identity"",""source_entity_key"":""e8601faf4b3e01352f7655e833eb04f1c65b4f4cde7da6bf730bbde5b0198d16"",""max_displacement_m"":0.0}]",,,,,,
34,NN-35,,,,,,,,,,,,,,,,,,,,,12543689.863697585,-821587.6116510796,NN-35,DWG_DIRECT:text|RULE:AI-IMB-LABEL-001,e4065f019d3b59451d3f16c780fe964a8ac978b9935726ae19feb3746ce67e65,5B2,Home Number,SOURCE_HOME_LABEL,6,,BYLAYER,-1,6.073628224876041,347.9932636169312,11.867168862446068,ACI:6|LT:BYLAYER|LW:-1|ROT_QGIS:11.867168862,"[{""operation"":""identity"",""source_entity_key"":""e4065f019d3b59451d3f16c780fe964a8ac978b9935726ae19feb3746ce67e65"",""max_displacement_m"":0.0}]",,,,,,
35,SPBU,,,,,,,,,,,,,,,,,,,,,12543980.691134077,-821483.3034131571,SPBU,DWG_DIRECT:text|RULE:AI-IMB-LABEL-001,4f72c13ea6744fc4b1920d5ff1ba431d368808494e41625f12afd3ef5b53daef,58F,HP REDUCE,SOURCE_HOME_LABEL,251,,BYLAYER,-1,1.6641586584307655,95.34926756823602,264.47132428084257,ACI:251|LT:BYLAYER|LW:-1|ROT_QGIS:264.471324281,"[{""operation"":""identity"",""source_entity_key"":""4f72c13ea6744fc4b1920d5ff1ba431d368808494e41625f12afd3ef5b53daef"",""max_displacement_m"":0.0}]",,,,,,
36,NN-101,,,,,,,,,,,,,,,,,,,,,12543609.31789593,-821480.1877989548,NN-101,DWG_DIRECT:text|RULE:AI-IMB-LABEL-001,b42e75e29beae35aa747c6a4731d9aaaebf2e0e8fc174805232928caee8af63b,5F7,Home Number,SOURCE_HOME_LABEL,6,,BYLAYER,-1,1.4862600622721747,85.15642882704653,274.59782489936936,ACI:6|LT:BYLAYER|LW:-1|ROT_QGIS:274.597824899,"[{""operation"":""identity"",""source_entity_key"":""b42e75e29beae35aa747c6a4731d9aaaebf2e0e8fc174805232928caee8af63b"",""max_displacement_m"":0.0}]",,,,,,
37,NN-45,,,,,,,,,,,,,,,,,,,,,12543625.00929301,-821608.9493993722,NN-45,DWG_DIRECT:text|RULE:AI-IMB-LABEL-001,8fbc27e6ef3d2b2b0136f2fe5882ea2d914325ffdc536c7388580430258102dc,5BC,Home Number,SOURCE_HOME_LABEL,6,,BYLAYER,-1,1.3861238335335448,79.4190455439664,280.29870949899004,ACI:6|LT:BYLAYER|LW:-1|ROT_QGIS:280.298709499,"[{""operation"":""identity"",""source_entity_key"":""8fbc27e6ef3d2b2b0136f2fe5882ea2d914325ffdc536c7388580430258102dc"",""max_displacement_m"":0.0}]",,,,,,
38,GUDANG-23,,,,,,,,,,,,,,,,,,,,,12543878.542106831,-821671.0219146055,GUDANG-23,DWG_DIRECT:text|RULE:AI-IMB-LABEL-001,6b927c27436e5358de45699da76838712e6bf0478bc92c326b00102ab5f87943,57E,HP REDUCE,SOURCE_HOME_LABEL,251,,BYLAYER,-1,6.10264176738171,349.6556171512295,10.194360793897337,ACI:251|LT:BYLAYER|LW:-1|ROT_QGIS:10.194360794,"[{""operation"":""identity"",""source_entity_key"":""6b927c27436e5358de45699da76838712e6bf0478bc92c326b00102ab5f87943"",""max_displacement_m"":0.0}]",,,,,,
39,NN-121,,,,,,,,,,,,,,,,,,,,,12543822.654777257,-821486.1059481567,NN-121,DWG_DIRECT:text|RULE:AI-IMB-LABEL-001,cb1dc4b8fe61ba0af828ed55d1b38b33923df6fb559e45f1c662e00d99bc7689,60B,Home Number,SOURCE_HOME_LABEL,6,,BYLAYER,-1,1.4862600622721747,85.15642882704653,274.5975793195937,ACI:6|LT:BYLAYER|LW:-1|ROT_QGIS:274.597579320,"[{""operation"":""identity"",""source_entity_key"":""cb1dc4b8fe61ba0af828ed55d1b38b33923df6fb559e45f1c662e00d99bc7689"",""max_displacement_m"":0.0}]",,,,,,
40,NN-77,,,,,,,,,,,,,,,,,,,,,12543730.905839687,-821502.8432691129,NN-77,DWG_DIRECT:text|RULE:AI-IMB-LABEL-001,3b8f01ee8da3b7ed04f793c412490d1cdc1d5a969974bcdf7a3b0ebfa0164096,5DF,Home Number,SOURCE_HOME_LABEL,6,,BYLAYER,-1,4.658830309665083,266.9313142114356,92.83438210382256,ACI:6|LT:BYLAYER|LW:-1|ROT_QGIS:92.834382104,"[{""operation"":""identity"",""source_entity_key"":""3b8f01ee8da3b7ed04f793c412490d1cdc1d5a969974bcdf7a3b0ebfa0164096"",""max_displacement_m"":0.0}]",,,,,,
41,NN-27,,,,,,,,,,,,,,,,,,,,,12543723.171661839,-821566.1640178943,NN-27,DWG_DIRECT:text|RULE:AI-IMB-LABEL-001,3422f2ee5272a5a744d6e8ed9354fca3edea3ca48dd628fbc591dee71e9b53f6,5AA,Home Number,SOURCE_HOME_LABEL,6,,BYLAYER,-1,6.073628224876041,347.9932636169312,11.86713589156928,ACI:6|LT:BYLAYER|LW:-1|ROT_QGIS:11.867135892,"[{""operation"":""identity"",""source_entity_key"":""3422f2ee5272a5a744d6e8ed9354fca3edea3ca48dd628fbc591dee71e9b53f6"",""max_displacement_m"":0.0}]",,,,,,
42,NN-14,,,,,,,,,,,,,,,,,,,,,12543606.370831566,-821511.2568194646,NN-14,DWG_DIRECT:text|RULE:AI-IMB-LABEL-001,36eeba0c2c64f5c6a037ef280b2c09db6412570b906a287260413cf42ee7797e,59D,Home Number,SOURCE_HOME_LABEL,6,,BYLAYER,-1,6.073628224876041,347.9932636169312,11.86728574432709,ACI:6|LT:BYLAYER|LW:-1|ROT_QGIS:11.867285744,"[{""operation"":""identity"",""source_entity_key"":""36eeba0c2c64f5c6a037ef280b2c09db6412570b906a287260413cf42ee7797e"",""max_displacement_m"":0.0}]",,,,,,
43,NN-126,,,,,,,,,,,,,,,,,,,,,12543854.382766008,-821486.4088704179,NN-126,DWG_DIRECT:text|RULE:AI-IMB-LABEL-001,ae2ec9c3490007c3cc6d8b6188137d4b03813cb372dee6e45d9c8679d345f777,610,Home Number,SOURCE_HOME_LABEL,6,,BYLAYER,-1,1.4862600622721747,85.15642882704653,274.59754293224813,ACI:6|LT:BYLAYER|LW:-1|ROT_QGIS:274.597542932,"[{""operation"":""identity"",""source_entity_key"":""ae2ec9c3490007c3cc6d8b6188137d4b03813cb372dee6e45d9c8679d345f777"",""max_displacement_m"":0.0}]",,,,,,
44,NN-118,,,,,,,,,,,,,,,,,,,,,12543799.500640903,-821482.7055150616,NN-118,DWG_DIRECT:text|RULE:AI-IMB-LABEL-001,4943ca262e354afc6a4d92fb5ecf41e90ac913776993250fc43712091c42476e,608,Home Number,SOURCE_HOME_LABEL,6,,BYLAYER,-1,1.4862600622721747,85.15642882704653,274.5976066871859,ACI:6|LT:BYLAYER|LW:-1|ROT_QGIS:274.597606687,"[{""operation"":""identity"",""source_entity_key"":""4943ca262e354afc6a4d92fb5ecf41e90ac913776993250fc43712091c42476e"",""max_displacement_m"":0.0}]",,,,,,
45,NN-98,,,,,,,,,,,,,,,,,,,,,12543634.617869316,-821509.7252498964,NN-98,DWG_DIRECT:text|RULE:AI-IMB-LABEL-001,de513caa101f14dd67d49ddf16af80ac49cff706744492a954377b65fc45de02,5F4,Home Number,SOURCE_HOME_LABEL,6,,BYLAYER,-1,1.4862600622721747,85.15642882704653,274.5977883550537,ACI:6|LT:BYLAYER|LW:-1|ROT_QGIS:274.597788355,"[{""operation"":""identity"",""source_entity_key"":""de513caa101f14dd67d49ddf16af80ac49cff706744492a954377b65fc45de02"",""max_displacement_m"":0.0}]",,,,,,
46,NN-67,,,,,,,,,,,,,,,,,,,,,12543814.27162371,-821635.9923721185,NN-67,DWG_DIRECT:text|RULE:AI-IMB-LABEL-001,a35d1918fa41f8a4d1adaf3fc70830c53225af93b8e65e5044f862cc5872f4d0,5D4,Home Number,SOURCE_HOME_LABEL,6,,BYLAYER,-1,1.8453947457084523,105.73333046471211,254.15072905104915,ACI:6|LT:BYLAYER|LW:-1|ROT_QGIS:254.150729051,"[{""operation"":""identity"",""source_entity_key"":""a35d1918fa41f8a4d1adaf3fc70830c53225af93b8e65e5044f862cc5872f4d0"",""max_displacement_m"":0.0}]",,,,,,
47,NN-123,,,,,,,,,,,,,,,,,,,,,12543834.683716167,-821485.6332527284,NN-123,DWG_DIRECT:text|RULE:AI-IMB-LABEL-001,39547be3757dc253f6e9324a8bd314cbf3443ce7ccac83c4ff378a1b6146763f,60D,Home Number,SOURCE_HOME_LABEL,6,,BYLAYER,-1,1.4862600622721747,85.15642882704653,274.5975656961441,ACI:6|LT:BYLAYER|LW:-1|ROT_QGIS:274.597565696,"[{""operation"":""identity"",""source_entity_key"":""39547be3757dc253f6e9324a8bd314cbf3443ce7ccac83c4ff378a1b6146763f"",""max_displacement_m"":0.0}]",,,,,,
48,GUDANG-34,,,,,,,,,,,,,,,,,,,,,12543716.766789379,-821655.9134315858,GUDANG-34,DWG_DIRECT:text|RULE:AI-IMB-LABEL-001,108cbcb6507e76d68aa586b1e68181a943b5134f2aa56ee9d44e7f5768010ff8,589,HP REDUCE,SOURCE_HOME_LABEL,251,,BYLAYER,-1,4.505149994776891,258.1260807741007,101.58365881949685,ACI:251|LT:BYLAYER|LW:-1|ROT_QGIS:101.583658819,"[{""operation"":""identity"",""source_entity_key"":""108cbcb6507e76d68aa586b1e68181a943b5134f2aa56ee9d44e7f5768010ff8"",""max_displacement_m"":0.0}]",,,,,,
49,NN-30,,,,,,,,,,,,,,,,,,,,,12543698.57718651,-821547.8366424439,NN-30,DWG_DIRECT:text|RULE:AI-IMB-LABEL-001,a0ee192c002a3d794775f036bfc165bb889d3f3b1788e6ec5f9ee93b99132f48,5AD,Home Number,SOURCE_HOME_LABEL,6,,BYLAYER,-1,6.073628224876041,347.9932636169312,11.867169264209359,ACI:6|LT:BYLAYER|LW:-1|ROT_QGIS:11.867169264,"[{""operation"":""identity"",""source_entity_key"":""a0ee192c002a3d794775f036bfc165bb889d3f3b1788e6ec5f9ee93b99132f48"",""max_displacement_m"":0.0}]",,,,,,
50,NN-105,,,,,,,,,,,,,,,,,,,,,12543652.118611716,-821487.3855842061,NN-105,DWG_DIRECT:text|RULE:AI-IMB-LABEL-001,6a1af431ec554957ebef156bfec1dbdce4f2723920ba6ba0a31e69836a3b06b5,5FB,Home Number,SOURCE_HOME_LABEL,6,,BYLAYER,-1,1.4862600622721747,85.15642882704653,274.59777398147804,ACI:6|LT:BYLAYER|LW:-1|ROT_QGIS:274.597773981,"[{""operation"":""identity"",""source_entity_key"":""6a1af431ec554957ebef156bfec1dbdce4f2723920ba6ba0a31e69836a3b06b5"",""max_displacement_m"":0.0}]",,,,,,
51,NN-54,,,,,,,,,,,,,,,,,,,,,12543693.64163449,-821623.2720989926,NN-54,DWG_DIRECT:text|RULE:AI-IMB-LABEL-001,f2d2d9a26850afec7d7dc1d4a91b7fbfd70dbda965efc3d750ccc5cdacd90da6,5C5,Home Number,SOURCE_HOME_LABEL,6,,BYLAYER,-1,1.3861238335335448,79.4190455439664,280.29862725713247,ACI:6|LT:BYLAYER|LW:-1|ROT_QGIS:280.298627257,"[{""operation"":""identity"",""source_entity_key"":""f2d2d9a26850afec7d7dc1d4a91b7fbfd70dbda965efc3d750ccc5cdacd90da6"",""max_displacement_m"":0.0}]",,,,,,
52,NN-115,,,,,,,,,,,,,,,,,,,,,12543753.041055314,-821483.4665251048,NN-115,DWG_DIRECT:text|RULE:AI-IMB-LABEL-001,d3947c3bdb93d0cda27ccfe6dcc81e46f2343584d46f85ba3aa917345686d3a6,605,Home Number,SOURCE_HOME_LABEL,6,,BYLAYER,-1,1.4862600622721747,85.15642882704653,274.5976595470522,ACI:6|LT:BYLAYER|LW:-1|ROT_QGIS:274.597659547,"[{""operation"":""identity"",""source_entity_key"":""d3947c3bdb93d0cda27ccfe6dcc81e46f2343584d46f85ba3aa917345686d3a6"",""max_displacement_m"":0.0}]",,,,,,
53,NN-63,,,,,,,,,,,,,,,,,,,,,12543780.821188167,-821642.9535190071,NN-63,DWG_DIRECT:text|RULE:AI-IMB-LABEL-001,570298b2ddcf1e9db8d6102c28a6e68fd47c0c38d3b6443741288c2a24464f37,5D0,Home Number,SOURCE_HOME_LABEL,6,,BYLAYER,-1,1.3861238335335448,79.4190455439664,280.29852243919265,ACI:6|LT:BYLAYER|LW:-1|ROT_QGIS:280.298522439,"[{""operation"":""identity"",""source_entity_key"":""570298b2ddcf1e9db8d6102c28a6e68fd47c0c38d3b6443741288c2a24464f37"",""max_displacement_m"":0.0}]",,,,,,
54,NN-86,,,,,,,,,,,,,,,,,,,,,12543744.572432915,-821535.5976446987,NN-86,DWG_DIRECT:text|RULE:AI-IMB-LABEL-001,b683044ce4a9abc05f131ea9baeba53a84c958172d3bcfd63237ca7e5aafbf15,5E8,Home Number,SOURCE_HOME_LABEL,6,,BYLAYER,-1,1.4862600622721747,85.15642882704653,274.59765591009193,ACI:6|LT:BYLAYER|LW:-1|ROT_QGIS:274.597655910,"[{""operation"":""identity"",""source_entity_key"":""b683044ce4a9abc05f131ea9baeba53a84c958172d3bcfd63237ca7e5aafbf15"",""max_displacement_m"":0.0}]",,,,,,
55,NN-82,,,,,,,,,,,,,,,,,,,,,12543775.932437252,-821537.1017038773,NN-82,DWG_DIRECT:text|RULE:AI-IMB-LABEL-001,c8975e3505ed8774c27c7571525892a4de872a73c136b4fe76a4afb00689d7a0,5E4,Home Number,SOURCE_HOME_LABEL,6,,BYLAYER,-1,1.4862600622721747,85.15642882704653,274.5976197076663,ACI:6|LT:BYLAYER|LW:-1|ROT_QGIS:274.597619708,"[{""operation"":""identity"",""source_entity_key"":""c8975e3505ed8774c27c7571525892a4de872a73c136b4fe76a4afb00689d7a0"",""max_displacement_m"":0.0}]",,,,,,
56,NN-26,,,,,,,,,,,,,,,,,,,,,12543720.83340054,-821576.3309910101,NN-26,DWG_DIRECT:text|RULE:AI-IMB-LABEL-001,ddf4ce57b67f616e34832f75e4475466b6b95f7866820722d3fffedebdba5df9,5A9,Home Number,SOURCE_HOME_LABEL,6,,BYLAYER,-1,6.073628224876041,347.9932636169312,11.867135939723061,ACI:6|LT:BYLAYER|LW:-1|ROT_QGIS:11.867135940,"[{""operation"":""identity"",""source_entity_key"":""ddf4ce57b67f616e34832f75e4475466b6b95f7866820722d3fffedebdba5df9"",""max_displacement_m"":0.0}]",,,,,,
57,NN-59,,,,,,,,,,,,,,,,,,,,,12543745.547591096,-821635.0838589479,NN-59,DWG_DIRECT:text|RULE:AI-IMB-LABEL-001,5a480690983d6d5d5c44b0615db3e08b0dfffc51a9f2bc2f5fdc7e93699fbc9c,5CC,Home Number,SOURCE_HOME_LABEL,6,,BYLAYER,-1,1.3861238335335448,79.4190455439664,280.2985648412097,ACI:6|LT:BYLAYER|LW:-1|ROT_QGIS:280.298564841,"[{""operation"":""identity"",""source_entity_key"":""5a480690983d6d5d5c44b0615db3e08b0dfffc51a9f2bc2f5fdc7e93699fbc9c"",""max_displacement_m"":0.0}]",,,,,,
58,NN-40,,,,,,,,,,,,,,,,,,,,,12543792.484822268,-821501.1970388829,NN-40,DWG_DIRECT:text|RULE:AI-IMB-LABEL-001,e287eb953b41eb3010517148ac705a671eb40837f5ed559438089aa53db7c173,5B7,Home Number,SOURCE_HOME_LABEL,6,,BYLAYER,-1,6.073628224876041,347.9932636169312,11.867072666907337,ACI:6|LT:BYLAYER|LW:-1|ROT_QGIS:11.867072667,"[{""operation"":""identity"",""source_entity_key"":""e287eb953b41eb3010517148ac705a671eb40837f5ed559438089aa53db7c173"",""max_displacement_m"":0.0}]",,,,,,
59,NN-90,,,,,,,,,,,,,,,,,,,,,12543706.147424785,-821532.4951355187,NN-90,DWG_DIRECT:text|RULE:AI-IMB-LABEL-001,ec845d56280006c024f42497a4514fff2d15aba58e83231b938d427fe2b8794c,5EC,Home Number,SOURCE_HOME_LABEL,6,,BYLAYER,-1,1.4862600622721747,85.15642882704653,274.59770075201845,ACI:6|LT:BYLAYER|LW:-1|ROT_QGIS:274.597700752,"[{""operation"":""identity"",""source_entity_key"":""ec845d56280006c024f42497a4514fff2d15aba58e83231b938d427fe2b8794c"",""max_displacement_m"":0.0}]",,,,,,
60,NN-75,,,,,,,,,,,,,,,,,,,,,12543718.562480578,-821501.634895318,NN-75,DWG_DIRECT:text|RULE:AI-IMB-LABEL-001,37811a91f9b246745be0046960c7b2a95c0ac844e4a46595b86279bdda9f1121,5DD,Home Number,SOURCE_HOME_LABEL,6,,BYLAYER,-1,4.658830309665083,266.9313142114356,92.83439654167881,ACI:6|LT:BYLAYER|LW:-1|ROT_QGIS:92.834396542,"[{""operation"":""identity"",""source_entity_key"":""37811a91f9b246745be0046960c7b2a95c0ac844e4a46595b86279bdda9f1121"",""max_displacement_m"":0.0}]",,,,,,
61,NN-62,,,,,,,,,,,,,,,,,,,,,12543774.498148149,-821641.3783403116,NN-62,DWG_DIRECT:text|RULE:AI-IMB-LABEL-001,ebafaac472c313f1cc38b3e1db5e13430bbc00421e1629324a21b4703139cc09,5CF,Home Number,SOURCE_HOME_LABEL,6,,BYLAYER,-1,1.3861238335335448,79.4190455439664,280.2985300555198,ACI:6|LT:BYLAYER|LW:-1|ROT_QGIS:280.298530056,"[{""operation"":""identity"",""source_entity_key"":""ebafaac472c313f1cc38b3e1db5e13430bbc00421e1629324a21b4703139cc09"",""max_displacement_m"":0.0}]",,,,,,
62,NN-7,,,,,,,,,,,,,,,,,,,,,12543602.72941524,-821554.7400988791,NN-7,DWG_DIRECT:text|RULE:AI-IMB-LABEL-001,a92c2b1354ba571e7482338a5a72c06353913a8050cdf325a506e1e39fdaa03b,596,Home Number,SOURCE_HOME_LABEL,6,,BYLAYER,-1,6.073628224876041,347.9932636169312,11.86727849141433,ACI:6|LT:BYLAYER|LW:-1|ROT_QGIS:11.867278491,"[{""operation"":""identity"",""source_entity_key"":""a92c2b1354ba571e7482338a5a72c06353913a8050cdf325a506e1e39fdaa03b"",""max_displacement_m"":0.0}]",,,,,,
63,NN-6,,,,,,,,,,,,,,,,,,,,,12543601.73950095,-821562.8663810464,NN-6,DWG_DIRECT:text|RULE:AI-IMB-LABEL-001,aa1eed713a32e1a19b575a5bec1961b6a691ec03e2b58ed6df5d7c8d4b2cd7fd,595,Home Number,SOURCE_HOME_LABEL,6,,BYLAYER,-1,6.073628224876041,347.9932636169312,11.867277510205387,ACI:6|LT:BYLAYER|LW:-1|ROT_QGIS:11.867277510,"[{""operation"":""identity"",""source_entity_key"":""aa1eed713a32e1a19b575a5bec1961b6a691ec03e2b58ed6df5d7c8d4b2cd7fd"",""max_displacement_m"":0.0}]",,,,,,
64,NN-58,,,,,,,,,,,,,,,,,,,,,12543738.245800177,-821632.7902024379,NN-58,DWG_DIRECT:text|RULE:AI-IMB-LABEL-001,e32b6a08152f9b06aab42ac7f581192192749549d04105fb1deed0bae53b3a85,5CA,Home Number,SOURCE_HOME_LABEL,6,,BYLAYER,-1,1.3861238335335448,79.4190455439664,280.298573728634,ACI:6|LT:BYLAYER|LW:-1|ROT_QGIS:280.298573729,"[{""operation"":""identity"",""source_entity_key"":""e32b6a08152f9b06aab42ac7f581192192749549d04105fb1deed0bae53b3a85"",""max_displacement_m"":0.0}]",,,,,,
65,GUDANG-14,,,,,,,,,,,,,,,,,,,,,12543772.605483212,-821888.6158009714,GUDANG-14,DWG_DIRECT:text|RULE:AI-IMB-LABEL-001,24ac0518a504a598e93a941e94a5afbc9fd19585b8901c2c783267b8ffb15ee7,575,HP REDUCE,SOURCE_HOME_LABEL,251,,BYLAYER,-1,6.10264176738171,349.6556171512295,10.194426195368353,ACI:251|LT:BYLAYER|LW:-1|ROT_QGIS:10.194426195,"[{""operation"":""identity"",""source_entity_key"":""24ac0518a504a598e93a941e94a5afbc9fd19585b8901c2c783267b8ffb15ee7"",""max_displacement_m"":0.0}]",,,,,,
66,GUDANG-7,,,,,,,,,,,,,,,,,,,,,12543830.670114016,-821986.1541160009,GUDANG-7,DWG_DIRECT:text|RULE:AI-IMB-LABEL-001,b8b4653d34b6fd05acef6420c2892cb5317d93b8c971b9bf6d51336b2a8e57d3,56E,HP REDUCE,SOURCE_HOME_LABEL,251,,BYLAYER,-1,6.10264176738171,349.6556171512295,10.194333143536594,ACI:251|LT:BYLAYER|LW:-1|ROT_QGIS:10.194333144,"[{""operation"":""identity"",""source_entity_key"":""b8b4653d34b6fd05acef6420c2892cb5317d93b8c971b9bf6d51336b2a8e57d3"",""max_displacement_m"":0.0}]",,,,,,
67,NN-73,,,,,,,,,,,,,,,,,,,,,12543709.13362407,-821501.252226557,NN-73,DWG_DIRECT:text|RULE:AI-IMB-LABEL-001,1ed55ec7bf3f46160f40123855984ef538d6b6e54d154774ebc5d7a08f05e956,5DB,Home Number,SOURCE_HOME_LABEL,6,,BYLAYER,-1,4.658830309665083,266.9313142114356,92.83440749543674,ACI:6|LT:BYLAYER|LW:-1|ROT_QGIS:92.834407495,"[{""operation"":""identity"",""source_entity_key"":""1ed55ec7bf3f46160f40123855984ef538d6b6e54d154774ebc5d7a08f05e956"",""max_displacement_m"":0.0}]",,,,,,
68,GUDANG-39,,,,,,,,,,,,,,,,,,,,,12543985.489381952,-821577.4517319024,GUDANG-39,DWG_DIRECT:text|RULE:AI-IMB-LABEL-001,4d92e31a7ea1b64b30a79040b56b2739b4dda748fa0a893619b7f3f88743e685,58E,HP REDUCE,SOURCE_HOME_LABEL,251,,BYLAYER,-1,1.6641586584307655,95.34926756823602,264.47129429978366,ACI:251|LT:BYLAYER|LW:-1|ROT_QGIS:264.471294300,"[{""operation"":""identity"",""source_entity_key"":""4d92e31a7ea1b64b30a79040b56b2739b4dda748fa0a893619b7f3f88743e685"",""max_displacement_m"":0.0}]",,,,,,
69,NN-4,,,,,,,,,,,,,,,,,,,,,12543598.742562093,-821577.7181411666,NN-4,DWG_DIRECT:text|RULE:AI-IMB-LABEL-001,384fa3dba361108816e8caf3dce38ebc689c49ac61c7e202e07466824937a17c,593,Home Number,SOURCE_HOME_LABEL,6,,BYLAYER,-1,6.073628224876041,347.9932636169312,11.867277049862961,ACI:6|LT:BYLAYER|LW:-1|ROT_QGIS:11.867277050,"[{""operation"":""identity"",""source_entity_key"":""384fa3dba361108816e8caf3dce38ebc689c49ac61c7e202e07466824937a17c"",""max_displacement_m"":0.0}]",,,,,,
70,NN-78,,,,,,,,,,,,,,,,,,,,,12543740.27642448,-821503.0889241099,NN-78,DWG_DIRECT:text|RULE:AI-IMB-LABEL-001,933b31ba7ad8affc3e28a98e7fa852286826601cedea67a03762d3e8df4c91d9,5E0,Home Number,SOURCE_HOME_LABEL,6,,BYLAYER,-1,4.658830309665083,266.9313142114356,92.83437136109241,ACI:6|LT:BYLAYER|LW:-1|ROT_QGIS:92.834371361,"[{""operation"":""identity"",""source_entity_key"":""933b31ba7ad8affc3e28a98e7fa852286826601cedea67a03762d3e8df4c91d9"",""max_displacement_m"":0.0}]",,,,,,
71,NN-111,,,,,,,,,,,,,,,,,,,,,12543726.520445667,-821483.9915615959,NN-111,DWG_DIRECT:text|RULE:AI-IMB-LABEL-001,f53897d827ab4aeae73a310c4814af45061af72e5490073a34976205effbf0b8,601,Home Number,SOURCE_HOME_LABEL,6,,BYLAYER,-1,1.4862600622721747,85.15642882704653,274.59768985689755,ACI:6|LT:BYLAYER|LW:-1|ROT_QGIS:274.597689857,"[{""operation"":""identity"",""source_entity_key"":""f53897d827ab4aeae73a310c4814af45061af72e5490073a34976205effbf0b8"",""max_displacement_m"":0.0}]",,,,,,
72,NN-20,,,,,,,,,,,,,,,,,,,,,12543700.777831856,-821603.4847559182,NN-20,DWG_DIRECT:text|RULE:AI-IMB-LABEL-001,0f734a90e0b2950b0c631962c865b6acd73719e9b6b781ba441a13a1868d1038,5A3,Home Number,SOURCE_HOME_LABEL,6,,BYLAYER,-1,6.073628224876041,347.9932636169312,11.867151966802519,ACI:6|LT:BYLAYER|LW:-1|ROT_QGIS:11.867151967,"[{""operation"":""identity"",""source_entity_key"":""0f734a90e0b2950b0c631962c865b6acd73719e9b6b781ba441a13a1868d1038"",""max_displacement_m"":0.0}]",,,,,,
73,NN-42,,,,,,,,,,,,,,,,,,,,,12543809.437964078,-821496.0829561148,NN-42,DWG_DIRECT:text|RULE:AI-IMB-LABEL-001,9a92536936fc1b991fbfdbd9f827e64889bbb18247a9b3afe97a66accc0675a6,5B9,Home Number,SOURCE_HOME_LABEL,6,,BYLAYER,-1,6.073628224876041,347.9932636169312,11.867054455627018,ACI:6|LT:BYLAYER|LW:-1|ROT_QGIS:11.867054456,"[{""operation"":""identity"",""source_entity_key"":""9a92536936fc1b991fbfdbd9f827e64889bbb18247a9b3afe97a66accc0675a6"",""max_displacement_m"":0.0}]",,,,,,
74,NN-92,,,,,,,,,,,,,,,,,,,,,12543695.12969031,-821531.1256904793,NN-92,DWG_DIRECT:text|RULE:AI-IMB-LABEL-001,46abd764d915df6e4c6b9a2be432b75e82f58f3fee3dbfd86b260fb062950483,5EE,Home Number,SOURCE_HOME_LABEL,6,,BYLAYER,-1,1.4862600622721747,85.15642882704653,274.59771362488016,ACI:6|LT:BYLAYER|LW:-1|ROT_QGIS:274.597713625,"[{""operation"":""identity"",""source_entity_key"":""46abd764d915df6e4c6b9a2be432b75e82f58f3fee3dbfd86b260fb062950483"",""max_displacement_m"":0.0}]",,,,,,
75,GUDANG-37,,,,,,,,,,,,,,,,,,,,,12543868.577329054,-821582.6224309022,GUDANG-37,DWG_DIRECT:text|RULE:AI-IMB-LABEL-001,6d8feb4c52678fd2efb4c290c3176b0bc38d8c982cb91fb87768890cdafa3409,58C,HP REDUCE,SOURCE_HOME_LABEL,251,,BYLAYER,-1,1.6641586584307655,95.34926756823602,264.4714268273613,ACI:251|LT:BYLAYER|LW:-1|ROT_QGIS:264.471426827,"[{""operation"":""identity"",""source_entity_key"":""6d8feb4c52678fd2efb4c290c3176b0bc38d8c982cb91fb87768890cdafa3409"",""max_displacement_m"":0.0}]",,,,,,
76,NN-41,,,,,,,,,,,,,,,,,,,,,12543793.584372502,-821489.9175761461,NN-41,DWG_DIRECT:text|RULE:AI-IMB-LABEL-001,bc622a31de23da5750b68dac401982a79b3886301f08439fa1e45969eeceb444,5B8,Home Number,SOURCE_HOME_LABEL,6,,BYLAYER,-1,6.073628224876041,347.9932636169312,11.867074446224642,ACI:6|LT:BYLAYER|LW:-1|ROT_QGIS:11.867074446,"[{""operation"":""identity"",""source_entity_key"":""bc622a31de23da5750b68dac401982a79b3886301f08439fa1e45969eeceb444"",""max_displacement_m"":0.0}]",,,,,,
77,GUDANG-3,,,,,,,,,,,,,,,,,,,,,12543631.109054115,-821903.110671906,GUDANG-3,DWG_DIRECT:text|RULE:AI-IMB-LABEL-001,d70c4bf9b34af056f808c2b04d992eefaeff829614ea9efb2ce24b44612b2b22,56A,HP REDUCE,SOURCE_HOME_LABEL,251,,BYLAYER,-1,6.10264176738171,349.6556171512295,10.19458631747532,ACI:251|LT:BYLAYER|LW:-1|ROT_QGIS:10.194586317,"[{""operation"":""identity"",""source_entity_key"":""d70c4bf9b34af056f808c2b04d992eefaeff829614ea9efb2ce24b44612b2b22"",""max_displacement_m"":0.0}]",,,,,,
78,NN-16,,,,,,,,,,,,,,,,,,,,,12543603.776737943,-821497.7567529762,NN-16,DWG_DIRECT:text|RULE:AI-IMB-LABEL-001,d14ee52926d72492a3cb9de20664b373d323f1b199084b170f7daf1158f2ab43,59F,Home Number,SOURCE_HOME_LABEL,6,,BYLAYER,-1,6.073628224876041,347.9932636169312,11.86729231603914,ACI:6|LT:BYLAYER|LW:-1|ROT_QGIS:11.867292316,"[{""operation"":""identity"",""source_entity_key"":""d14ee52926d72492a3cb9de20664b373d323f1b199084b170f7daf1158f2ab43"",""max_displacement_m"":0.0}]",,,,,,
79,GUDANG-33,,,,,,,,,,,,,,,,,,,,,12543692.598604474,-821651.2082124308,GUDANG-33,DWG_DIRECT:text|RULE:AI-IMB-LABEL-001,0104120f714a324bda6d291fa9544bed3952c462077e2755f61be37084d792f3,588,HP REDUCE,SOURCE_HOME_LABEL,251,,BYLAYER,-1,4.505149994776891,258.1260807741007,101.58368772932079,ACI:251|LT:BYLAYER|LW:-1|ROT_QGIS:101.583687729,"[{""operation"":""identity"",""source_entity_key"":""0104120f714a324bda6d291fa9544bed3952c462077e2755f61be37084d792f3"",""max_displacement_m"":0.0}]",,,,,,
80,GUDANG-18,,,,,,,,,,,,,,,,,,,,,12543853.27453543,-821808.8931722767,GUDANG-18,DWG_DIRECT:text|RULE:AI-IMB-LABEL-001,1f7e9c2e9aa9208497eb604901280d1dfe7c4bcb39fe4a25c51a51264f0fcb8d,579,HP REDUCE,SOURCE_HOME_LABEL,251,,BYLAYER,-1,6.10264176738171,349.6556171512295,10.19435357567754,ACI:251|LT:BYLAYER|LW:-1|ROT_QGIS:10.194353576,"[{""operation"":""identity"",""source_entity_key"":""1f7e9c2e9aa9208497eb604901280d1dfe7c4bcb39fe4a25c51a51264f0fcb8d"",""max_displacement_m"":0.0}]",,,,,,
81,NN-11,,,,,,,,,,,,,,,,,,,,,12543603.819296412,-821530.6972512484,NN-11,DWG_DIRECT:text|RULE:AI-IMB-LABEL-001,d2fe2bb95f3d773f6925f965300c076bd458db17d3a0357eb1754cf28e1e4444,59A,Home Number,SOURCE_HOME_LABEL,6,,BYLAYER,-1,6.073628224876041,347.9932636169312,11.867283563933835,ACI:6|LT:BYLAYER|LW:-1|ROT_QGIS:11.867283564,"[{""operation"":""identity"",""source_entity_key"":""d2fe2bb95f3d773f6925f965300c076bd458db17d3a0357eb1754cf28e1e4444"",""max_displacement_m"":0.0}]",,,,,,
82,GUDANG-22,,,,,,,,,,,,,,,,,,,,,12543875.722764395,-821697.1985042645,GUDANG-22,DWG_DIRECT:text|RULE:AI-IMB-LABEL-001,fe1dfdc6e805034d52301a785569ded3faeed0c9ce35f9d648cfde1ba4f58b8c,57D,HP REDUCE,SOURCE_HOME_LABEL,251,,BYLAYER,-1,6.10264176738171,349.6556171512295,10.1943570619447,ACI:251|LT:BYLAYER|LW:-1|ROT_QGIS:10.194357062,"[{""operation"":""identity"",""source_entity_key"":""fe1dfdc6e805034d52301a785569ded3faeed0c9ce35f9d648cfde1ba4f58b8c"",""max_displacement_m"":0.0}]",,,,,,
83,NN-43,,,,,,,,,,,,,,,,,,,,,12543603.04056502,-821604.083922153,NN-43,DWG_DIRECT:text|RULE:AI-IMB-LABEL-001,f8006ce642200f33f39a272fdabc562682b7b3d2d630fd6d5d3389126f8b6e98,5BA,Home Number,SOURCE_HOME_LABEL,6,,BYLAYER,-1,1.3861238335335448,79.4190455439664,280.2987358675264,ACI:6|LT:BYLAYER|LW:-1|ROT_QGIS:280.298735868,"[{""operation"":""identity"",""source_entity_key"":""f8006ce642200f33f39a272fdabc562682b7b3d2d630fd6d5d3389126f8b6e98"",""max_displacement_m"":0.0}]",,,,,,
84,NN-74,,,,,,,,,,,,,,,,,,,,,12543713.502503203,-821501.7237828751,NN-74,DWG_DIRECT:text|RULE:AI-IMB-LABEL-001,1b86facccd1fcc0216e8b5747b5fcb0e7814471021f1dea0e22c06f23c86621d,5DC,Home Number,SOURCE_HOME_LABEL,6,,BYLAYER,-1,4.658830309665083,266.9313142114356,92.83440225642634,ACI:6|LT:BYLAYER|LW:-1|ROT_QGIS:92.834402256,"[{""operation"":""identity"",""source_entity_key"":""1b86facccd1fcc0216e8b5747b5fcb0e7814471021f1dea0e22c06f23c86621d"",""max_displacement_m"":0.0}]",,,,,,
85,NN-39,,,,,,,,,,,,,,,,,,,,,12543787.996981647,-821516.9603764222,NN-39,DWG_DIRECT:text|RULE:AI-IMB-LABEL-001,1eff0a4c931b3033b64130a9fbc50dbf07ddcaad86d58c6c3a166ab0360b583d,5B6,Home Number,SOURCE_HOME_LABEL,6,,BYLAYER,-1,6.073628224876041,347.9932636169312,11.867073788370998,ACI:6|LT:BYLAYER|LW:-1|ROT_QGIS:11.867073788,"[{""operation"":""identity"",""source_entity_key"":""1eff0a4c931b3033b64130a9fbc50dbf07ddcaad86d58c6c3a166ab0360b583d"",""max_displacement_m"":0.0}]",,,,,,
86,NN-8,,,,,,,,,,,,,,,,,,,,,12543602.499930412,-821547.7813238951,NN-8,DWG_DIRECT:text|RULE:AI-IMB-LABEL-001,4afe671fa09e0e1936e9b44050c60a8e7e817015ba8660a9a58c5e8bb1501a9b,597,Home Number,SOURCE_HOME_LABEL,6,,BYLAYER,-1,6.073628224876041,347.9932636169312,11.867280581307124,ACI:6|LT:BYLAYER|LW:-1|ROT_QGIS:11.867280581,"[{""operation"":""identity"",""source_entity_key"":""4afe671fa09e0e1936e9b44050c60a8e7e817015ba8660a9a58c5e8bb1501a9b"",""max_displacement_m"":0.0}]",,,,,,
87,GUDANG-24,,,,,,,,,,,,,,,,,,,,,12543885.229922222,-821637.6660526067,GUDANG-24,DWG_DIRECT:text|RULE:AI-IMB-LABEL-001,b1fcfdfe6d0e1646519438ed980b77ea24bef5868d831221c1a34a21c2003353,57F,HP REDUCE,SOURCE_HOME_LABEL,251,,BYLAYER,-1,6.10264176738171,349.6556171512295,10.19436172615694,ACI:251|LT:BYLAYER|LW:-1|ROT_QGIS:10.194361726,"[{""operation"":""identity"",""source_entity_key"":""b1fcfdfe6d0e1646519438ed980b77ea24bef5868d831221c1a34a21c2003353"",""max_displacement_m"":0.0}]",,,,,,
88,GUDANG-6,,,,,,,,,,,,,,,,,,,,,12543760.302467424,-821956.8311821187,GUDANG-6,DWG_DIRECT:text|RULE:AI-IMB-LABEL-001,da44163723da32b815dc3b2f0f895e70c93544d5eb5a4d14171f195c7f0dc8a4,56D,HP REDUCE,SOURCE_HOME_LABEL,251,,BYLAYER,-1,6.10264176738171,349.6556171512295,10.194422358049213,ACI:251|LT:BYLAYER|LW:-1|ROT_QGIS:10.194422358,"[{""operation"":""identity"",""source_entity_key"":""da44163723da32b815dc3b2f0f895e70c93544d5eb5a4d14171f195c7f0dc8a4"",""max_displacement_m"":0.0}]",,,,,,
89,NN-116,,,,,,,,,,,,,,,,,,,,,12543759.170028953,-821485.7078581958,NN-116,DWG_DIRECT:text|RULE:AI-IMB-LABEL-001,bcec4148352601611c8a7af286fac183aaf129deb52f6063ec4605202dae9da1,606,Home Number,SOURCE_HOME_LABEL,6,,BYLAYER,-1,1.4862600622721747,85.15642882704653,274.59765209583486,ACI:6|LT:BYLAYER|LW:-1|ROT_QGIS:274.597652096,"[{""operation"":""identity"",""source_entity_key"":""bcec4148352601611c8a7af286fac183aaf129deb52f6063ec4605202dae9da1"",""max_displacement_m"":0.0}]",,,,,,
90,NN-85,,,,,,,,,,,,,,,,,,,,,12543750.602887271,-821535.0808985861,NN-85,DWG_DIRECT:text|RULE:AI-IMB-LABEL-001,b04e43ca5759e65e14b54d03e3e6e1bf538e6f1887386fda5b277fc3fbc28a4e,5E7,Home Number,SOURCE_HOME_LABEL,6,,BYLAYER,-1,1.4862600622721747,85.15642882704653,274.59764911997905,ACI:6|LT:BYLAYER|LW:-1|ROT_QGIS:274.597649120,"[{""operation"":""identity"",""source_entity_key"":""b04e43ca5759e65e14b54d03e3e6e1bf538e6f1887386fda5b277fc3fbc28a4e"",""max_displacement_m"":0.0}]",,,,,,
91,NN-48,,,,,,,,,,,,,,,,,,,,,12543649.936419062,-821613.9541836465,NN-48,DWG_DIRECT:text|RULE:AI-IMB-LABEL-001,6e2f5dcba0693888d2d1986a3a20f71487b922006a354c60a4b4312580751f8b,5BF,Home Number,SOURCE_HOME_LABEL,6,,BYLAYER,-1,1.3861238335335448,79.4190455439664,280.2986796026723,ACI:6|LT:BYLAYER|LW:-1|ROT_QGIS:280.298679603,"[{""operation"":""identity"",""source_entity_key"":""6e2f5dcba0693888d2d1986a3a20f71487b922006a354c60a4b4312580751f8b"",""max_displacement_m"":0.0}]",,,,,,
92,NN-89,,,,,,,,,,,,,,,,,,,,,12543711.271027626,-821533.3224328143,NN-89,DWG_DIRECT:text|RULE:AI-IMB-LABEL-001,64b0037359451fd057be76130de65703bebdcb572f8189db40a1fb38d041c79a,5EB,Home Number,SOURCE_HOME_LABEL,6,,BYLAYER,-1,1.4862600622721747,85.15642882704653,274.5976946640187,ACI:6|LT:BYLAYER|LW:-1|ROT_QGIS:274.597694664,"[{""operation"":""identity"",""source_entity_key"":""64b0037359451fd057be76130de65703bebdcb572f8189db40a1fb38d041c79a"",""max_displacement_m"":0.0}]",,,,,,
93,NN-114,,,,,,,,,,,,,,,,,,,,,12543746.146165265,-821483.351102651,NN-114,DWG_DIRECT:text|RULE:AI-IMB-LABEL-001,f5d7804d894653ee4ee319b2115208d1eb6e1d8dba14d8d36e983cd86def212f,604,Home Number,SOURCE_HOME_LABEL,6,,BYLAYER,-1,1.4862600622721747,85.15642882704653,274.5976675465663,ACI:6|LT:BYLAYER|LW:-1|ROT_QGIS:274.597667547,"[{""operation"":""identity"",""source_entity_key"":""f5d7804d894653ee4ee319b2115208d1eb6e1d8dba14d8d36e983cd86def212f"",""max_displacement_m"":0.0}]",,,,,,
94,NN-60,,,,,,,,,,,,,,,,,,,,,12543756.894105613,-821637.523744968,NN-60,DWG_DIRECT:text|RULE:AI-IMB-LABEL-001,77b4cd84f6bfefd4947fe81b19c4034c1cac2b5d920ee81eb28c2e4ea11c2a93,5CD,Home Number,SOURCE_HOME_LABEL,6,,BYLAYER,-1,1.3861238335335448,79.4190455439664,280.29855118539683,ACI:6|LT:BYLAYER|LW:-1|ROT_QGIS:280.298551185,"[{""operation"":""identity"",""source_entity_key"":""77b4cd84f6bfefd4947fe81b19c4034c1cac2b5d920ee81eb28c2e4ea11c2a93"",""max_displacement_m"":0.0}]",,,,,,
95,GUDANG-38,,,,,,,,,,,,,,,,,,,,,12544008.803900992,-821568.438582462,GUDANG-38,DWG_DIRECT:text|RULE:AI-IMB-LABEL-001,ff505cb2bf40bfa895849f7a836267039b782a239ba8f2d4ac8e6f3c03a29dfd,58D,HP REDUCE,SOURCE_HOME_LABEL,251,,BYLAYER,-1,1.6641586584307655,95.34926756823602,264.47126990061923,ACI:251|LT:BYLAYER|LW:-1|ROT_QGIS:264.471269901,"[{""operation"":""identity"",""source_entity_key"":""ff505cb2bf40bfa895849f7a836267039b782a239ba8f2d4ac8e6f3c03a29dfd"",""max_displacement_m"":0.0}]",,,,,,
96,GUDANG-5,,,,,,,,,,,,,,,,,,,,,12543757.467531793,-821978.8507611216,GUDANG-5,DWG_DIRECT:text|RULE:AI-IMB-LABEL-001,5dc750c1ca8755fb64c86d43233dfcffc76adc7a1068bfb8da21f21708b0301f,56C,HP REDUCE,SOURCE_HOME_LABEL,251,,BYLAYER,-1,6.10264176738171,349.6556171512295,10.19441980175937,ACI:251|LT:BYLAYER|LW:-1|ROT_QGIS:10.194419802,"[{""operation"":""identity"",""source_entity_key"":""5dc750c1ca8755fb64c86d43233dfcffc76adc7a1068bfb8da21f21708b0301f"",""max_displacement_m"":0.0}]",,,,,,
97,NN-87,,,,,,,,,,,,,,,,,,,,,12543739.167199964,-821534.4891866236,NN-87,DWG_DIRECT:text|RULE:AI-IMB-LABEL-001,3894ca6577a60932655f32d9abaf615c83349615296aaf017d427a5e2e71a3f6,5E9,Home Number,SOURCE_HOME_LABEL,6,,BYLAYER,-1,1.4862600622721747,85.15642882704653,274.5976623325728,ACI:6|LT:BYLAYER|LW:-1|ROT_QGIS:274.597662333,"[{""operation"":""identity"",""source_entity_key"":""3894ca6577a60932655f32d9abaf615c83349615296aaf017d427a5e2e71a3f6"",""max_displacement_m"":0.0}]",,,,,,
98,NN-52,,,,,,,,,,,,,,,,,,,,,12543685.752654461,-821621.568244799,NN-52,DWG_DIRECT:text|RULE:AI-IMB-LABEL-001,72f41dd60e4003fa2829fd46d6cb1b4af269907a221b767f79db8e42e96ff215,5C3,Home Number,SOURCE_HOME_LABEL,6,,BYLAYER,-1,1.3861238335335448,79.4190455439664,280.29863674553326,ACI:6|LT:BYLAYER|LW:-1|ROT_QGIS:280.298636746,"[{""operation"":""identity"",""source_entity_key"":""72f41dd60e4003fa2829fd46d6cb1b4af269907a221b767f79db8e42e96ff215"",""max_displacement_m"":0.0}]",,,,,,
99,GUDANG-8,,,,,,,,,,,,,,,,,,,,,12543831.31982966,-821964.8764483386,GUDANG-8,DWG_DIRECT:text|RULE:AI-IMB-LABEL-001,f7b17664ffd71b641a51871304ecc512a27a7211fa2be189fd084b2462a9693f,56F,HP REDUCE,SOURCE_HOME_LABEL,251,,BYLAYER,-1,6.10264176738171,349.6556171512295,10.194337857633501,ACI:251|LT:BYLAYER|LW:-1|ROT_QGIS:10.194337858,"[{""operation"":""identity"",""source_entity_key"":""f7b17664ffd71b641a51871304ecc512a27a7211fa2be189fd084b2462a9693f"",""max_displacement_m"":0.0}]",,,,,,
100,NN-117,,,,,,,,,,,,,,,,,,,,,12543794.82783358,-821482.1537225829,NN-117,DWG_DIRECT:text|RULE:AI-IMB-LABEL-001,6c9f4d5c6d5da88e5c05c9ca5cd7910c267fceb4387465cbc3d1f1a71f38222f,607,Home Number,SOURCE_HOME_LABEL,6,,BYLAYER,-1,1.4862600622721747,85.15642882704653,274.59761212467276,ACI:6|LT:BYLAYER|LW:-1|ROT_QGIS:274.597612125,"[{""operation"":""identity"",""source_entity_key"":""6c9f4d5c6d5da88e5c05c9ca5cd7910c267fceb4387465cbc3d1f1a71f38222f"",""max_displacement_m"":0.0}]",,,,,,
101,GUDANG-19,,,,,,,,,,,,,,,,,,,,,12543858.279061584,-821781.9746141683,GUDANG-19,DWG_DIRECT:text|RULE:AI-IMB-LABEL-001,dc49c9c26f53bb46533cf4fe24cbd9dc3428fd5a77833585f2c1ed6c7a5dc292,57A,HP REDUCE,SOURCE_HOME_LABEL,251,,BYLAYER,-1,6.10264176738171,349.6556171512295,10.194354975597559,ACI:251|LT:BYLAYER|LW:-1|ROT_QGIS:10.194354976,"[{""operation"":""identity"",""source_entity_key"":""dc49c9c26f53bb46533cf4fe24cbd9dc3428fd5a77833585f2c1ed6c7a5dc292"",""max_displacement_m"":0.0}]",,,,,,
102,GUDANG-16,,,,,,,,,,,,,,,,,,,,,12543846.919483988,-821868.443188201,GUDANG-16,DWG_DIRECT:text|RULE:AI-IMB-LABEL-001,1793fd0893f0bf74d7bf6b523ca45164b7f82bdca13ccb67b0a398072be00815,577,HP REDUCE,SOURCE_HOME_LABEL,251,,BYLAYER,-1,6.10264176738171,349.6556171512295,10.194345206573443,ACI:251|LT:BYLAYER|LW:-1|ROT_QGIS:10.194345207,"[{""operation"":""identity"",""source_entity_key"":""1793fd0893f0bf74d7bf6b523ca45164b7f82bdca13ccb67b0a398072be00815"",""max_displacement_m"":0.0}]",,,,,,
103,NN-64,,,,,,,,,,,,,,,,,,,,,12543788.892952848,-821642.6157365626,NN-64,DWG_DIRECT:text|RULE:AI-IMB-LABEL-001,489e620c213dd67906d5ab6031a3865adb5ed6efa5cfc963a068120c9e16e0d6,5D1,Home Number,SOURCE_HOME_LABEL,6,,BYLAYER,-1,1.8453947457084523,105.73333046471211,254.1507563832733,ACI:6|LT:BYLAYER|LW:-1|ROT_QGIS:254.150756383,"[{""operation"":""identity"",""source_entity_key"":""489e620c213dd67906d5ab6031a3865adb5ed6efa5cfc963a068120c9e16e0d6"",""max_displacement_m"":0.0}]",,,,,,
104,NN-103,,,,,,,,,,,,,,,,,,,,,12543628.444828682,-821477.8508650251,NN-103,DWG_DIRECT:text|RULE:AI-IMB-LABEL-001,f38ca6336a95b092777cc820e34bcef8042bb93b2020c503a386fc0102e20258,5F9,Home Number,SOURCE_HOME_LABEL,6,,BYLAYER,-1,1.4862600622721747,85.15642882704653,274.5978036715327,ACI:6|LT:BYLAYER|LW:-1|ROT_QGIS:274.597803672,"[{""operation"":""identity"",""source_entity_key"":""f38ca6336a95b092777cc820e34bcef8042bb93b2020c503a386fc0102e20258"",""max_displacement_m"":0.0}]",,,,,,
105,NN-49,,,,,,,,,,,,,,,,,,,,,12543659.021807766,-821615.855578082,NN-49,DWG_DIRECT:text|RULE:AI-IMB-LABEL-001,b3f9f62b5aaf1bd93719549f4bddd56aed36ff85fd13e75b193c800fe081d78f,5C0,Home Number,SOURCE_HOME_LABEL,6,,BYLAYER,-1,1.3861238335335448,79.4190455439664,280.29866883723435,ACI:6|LT:BYLAYER|LW:-1|ROT_QGIS:280.298668837,"[{""operation"":""identity"",""source_entity_key"":""b3f9f62b5aaf1bd93719549f4bddd56aed36ff85fd13e75b193c800fe081d78f"",""max_displacement_m"":0.0}]",,,,,,
106,GUDANG-20,,,,,,,,,,,,,,,,,,,,,12543862.53324152,-821749.4344627175,GUDANG-20,DWG_DIRECT:text|RULE:AI-IMB-LABEL-001,ce3c6c02b5295f92bdd3487e4a9cd6826fdf3aff69756334d3544ff2f470c141,57B,HP REDUCE,SOURCE_HOME_LABEL,251,,BYLAYER,-1,6.10264176738171,349.6556171512295,10.194358539329604,ACI:251|LT:BYLAYER|LW:-1|ROT_QGIS:10.194358539,"[{""operation"":""identity"",""source_entity_key"":""ce3c6c02b5295f92bdd3487e4a9cd6826fdf3aff69756334d3544ff2f470c141"",""max_displacement_m"":0.0}]",,,,,,
107,NN-31,,,,,,,,,,,,,,,,,,,,,12543699.63100143,-821554.9998560384,NN-31,DWG_DIRECT:text|RULE:AI-IMB-LABEL-001,7fb09cbf977824bd2065b636320b1a6a818ffabb3c1bf4dff553f234829b0f40,5AE,Home Number,SOURCE_HOME_LABEL,6,,BYLAYER,-1,6.073628224876041,347.9932636169312,11.867166146988222,ACI:6|LT:BYLAYER|LW:-1|ROT_QGIS:11.867166147,"[{""operation"":""identity"",""source_entity_key"":""7fb09cbf977824bd2065b636320b1a6a818ffabb3c1bf4dff553f234829b0f40"",""max_displacement_m"":0.0}]",,,,,,
108,GUDANG-35,,,,,,,,,,,,,,,,,,,,,12543741.536384387,-821656.9027494033,GUDANG-35,DWG_DIRECT:text|RULE:AI-IMB-LABEL-001,e43a25c18271cddeb810d5d39f82848faf092d4c038c549638d9d70582e852f4,58A,HP REDUCE,SOURCE_HOME_LABEL,251,,BYLAYER,-1,4.505149994776891,258.1260807741007,101.58363026436743,ACI:251|LT:BYLAYER|LW:-1|ROT_QGIS:101.583630264,"[{""operation"":""identity"",""source_entity_key"":""e43a25c18271cddeb810d5d39f82848faf092d4c038c549638d9d70582e852f4"",""max_displacement_m"":0.0}]",,,,,,
109,GUDANG-30,,,,,,,,,,,,,,,,,,,,,12543636.546226565,-821635.1733930358,GUDANG-30,DWG_DIRECT:text|RULE:AI-IMB-LABEL-001,f25d5333b28e9405fc8cd10ae1457b898d4fc1fb4b6d01f41c93f870a453c168,585,HP REDUCE,SOURCE_HOME_LABEL,251,,BYLAYER,-1,4.505149994776891,258.1260807741007,101.58375601297891,ACI:251|LT:BYLAYER|LW:-1|ROT_QGIS:101.583756013,"[{""operation"":""identity"",""source_entity_key"":""f25d5333b28e9405fc8cd10ae1457b898d4fc1fb4b6d01f41c93f870a453c168"",""max_displacement_m"":0.0}]",,,,,,
110,NN-109,,,,,,,,,,,,,,,,,,,,,12543716.009672698,-821482.0467736404,NN-109,DWG_DIRECT:text|RULE:AI-IMB-LABEL-001,6e4cf982299665fecd15509c34d9200cf863ad1be7f413896c4be19fe6b18980,5FF,Home Number,SOURCE_HOME_LABEL,6,,BYLAYER,-1,1.4862600622721747,85.15642882704653,274.59770226362366,ACI:6|LT:BYLAYER|LW:-1|ROT_QGIS:274.597702264,"[{""operation"":""identity"",""source_entity_key"":""6e4cf982299665fecd15509c34d9200cf863ad1be7f413896c4be19fe6b18980"",""max_displacement_m"":0.0}]",,,,,,
111,NN-29,,,,,,,,,,,,,,,,,,,,,12543723.901394244,-821555.313591791,NN-29,DWG_DIRECT:text|RULE:AI-IMB-LABEL-001,a81e2a252c181e3ca2a68a58474f1d8af7da9bb313f642f0ecf58f60d13fd09b,5AC,Home Number,SOURCE_HOME_LABEL,6,,BYLAYER,-1,6.073628224876041,347.9932636169312,11.867137929238597,ACI:6|LT:BYLAYER|LW:-1|ROT_QGIS:11.867137929,"[{""operation"":""identity"",""source_entity_key"":""a81e2a252c181e3ca2a68a58474f1d8af7da9bb313f642f0ecf58f60d13fd09b"",""max_displacement_m"":0.0}]",,,,,,
112,GUDANG-2,,,,,,,,,,,,,,,,,,,,,12543627.09429776,-821926.6534418097,GUDANG-2,DWG_DIRECT:text|RULE:AI-IMB-LABEL-001,2d515ec6595240747368d0308d1cae860cd1a764efc40e4d31da187b4b4a3fd9,569,HP REDUCE,SOURCE_HOME_LABEL,251,,BYLAYER,-1,6.10264176738171,349.6556171512295,10.194584768300938,ACI:251|LT:BYLAYER|LW:-1|ROT_QGIS:10.194584768,"[{""operation"":""identity"",""source_entity_key"":""2d515ec6595240747368d0308d1cae860cd1a764efc40e4d31da187b4b4a3fd9"",""max_displacement_m"":0.0}]",,,,,,
113,NN-65,,,,,,,,,,,,,,,,,,,,,12543795.912861582,-821640.3587704425,NN-65,DWG_DIRECT:text|RULE:AI-IMB-LABEL-001,39a0643374cb84c46e5d837160ad18fac52f77be601c34520cd46b0653862ede,5D2,Home Number,SOURCE_HOME_LABEL,6,,BYLAYER,-1,1.8453947457084523,105.73333046471211,254.1507489049183,ACI:6|LT:BYLAYER|LW:-1|ROT_QGIS:254.150748905,"[{""operation"":""identity"",""source_entity_key"":""39a0643374cb84c46e5d837160ad18fac52f77be601c34520cd46b0653862ede"",""max_displacement_m"":0.0}]",,,,,,
114,NN-88,,,,,,,,,,,,,,,,,,,,,12543730.010745423,-821532.6874704608,NN-88,DWG_DIRECT:text|RULE:AI-IMB-LABEL-001,17c91412fb3359b817ec1de532e81bd74a1e18b401724d7ee39f8525f470383b,5EA,Home Number,SOURCE_HOME_LABEL,6,,BYLAYER,-1,1.4862600622721747,85.15642882704653,274.59767338242034,ACI:6|LT:BYLAYER|LW:-1|ROT_QGIS:274.597673382,"[{""operation"":""identity"",""source_entity_key"":""17c91412fb3359b817ec1de532e81bd74a1e18b401724d7ee39f8525f470383b"",""max_displacement_m"":0.0}]",,,,,,
115,GUDANG-13,,,,,,,,,,,,,,,,,,,,,12543839.248717565,-821897.1667280729,GUDANG-13,DWG_DIRECT:text|RULE:AI-IMB-LABEL-001,9bde71925373745d408e706c3cbf72a5ff234fd5819dd90ebf45fe9c452d4291,574,HP REDUCE,SOURCE_HOME_LABEL,251,,BYLAYER,-1,6.10264176738171,349.6556171512295,10.194346556792723,ACI:251|LT:BYLAYER|LW:-1|ROT_QGIS:10.194346557,"[{""operation"":""identity"",""source_entity_key"":""9bde71925373745d408e706c3cbf72a5ff234fd5819dd90ebf45fe9c452d4291"",""max_displacement_m"":0.0}]",,,,,,
116,NN-80,,,,,,,,,,,,,,,,,,,,,12543640.488724671,-821489.9547180403,NN-80,DWG_DIRECT:text|RULE:AI-IMB-LABEL-001,6eb33afae73d48b1cfbf126ad84893cf5ca91e2f51ad24571eb55115e7fccaf8,5E2,Home Number,SOURCE_HOME_LABEL,6,,BYLAYER,-1,4.658830309665083,266.9313142114356,92.83448883268727,ACI:6|LT:BYLAYER|LW:-1|ROT_QGIS:92.834488833,"[{""operation"":""identity"",""source_entity_key"":""6eb33afae73d48b1cfbf126ad84893cf5ca91e2f51ad24571eb55115e7fccaf8"",""max_displacement_m"":0.0}]",,,,,,
117,NN-125,,,,,,,,,,,,,,,,,,,,,12543847.802420747,-821486.7185508419,NN-125,DWG_DIRECT:text|RULE:AI-IMB-LABEL-001,da989e05ca74bd9c8b4fc3658df53ae8259b45dc47dc2d5edcb55e26eeb54eda,60F,Home Number,SOURCE_HOME_LABEL,6,,BYLAYER,-1,1.4862600622721747,85.15642882704653,274.5975503639406,ACI:6|LT:BYLAYER|LW:-1|ROT_QGIS:274.597550364,"[{""operation"":""identity"",""source_entity_key"":""da989e05ca74bd9c8b4fc3658df53ae8259b45dc47dc2d5edcb55e26eeb54eda"",""max_displacement_m"":0.0}]",,,,,,
118,GUDANG-17,,,,,,,,,,,,,,,,,,,,,12543851.679081187,-821841.0364428519,GUDANG-17,DWG_DIRECT:text|RULE:AI-IMB-LABEL-001,75d3f31ac5f9623b9fbbb6fa0851ec7d192f9cb1e009148232679b2b7056eea8,578,HP REDUCE,SOURCE_HOME_LABEL,251,,BYLAYER,-1,6.10264176738171,349.6556171512295,10.194346997994943,ACI:251|LT:BYLAYER|LW:-1|ROT_QGIS:10.194346998,"[{""operation"":""identity"",""source_entity_key"":""75d3f31ac5f9623b9fbbb6fa0851ec7d192f9cb1e009148232679b2b7056eea8"",""max_displacement_m"":0.0}]",,,,,,
119,NN-15,,,,,,,,,,,,,,,,,,,,,12543602.678180622,-821503.2876804564,NN-15,DWG_DIRECT:text|RULE:AI-IMB-LABEL-001,0b1505aa95b100c2145d3eb22f32a3a58522ee704a5b6d92c4ec6e6c40efcbed,59E,Home Number,SOURCE_HOME_LABEL,6,,BYLAYER,-1,6.073628224876041,347.9932636169312,11.86729215774887,ACI:6|LT:BYLAYER|LW:-1|ROT_QGIS:11.867292158,"[{""operation"":""identity"",""source_entity_key"":""0b1505aa95b100c2145d3eb22f32a3a58522ee704a5b6d92c4ec6e6c40efcbed"",""max_displacement_m"":0.0}]",,,,,,
120,GUDANG-21,,,,,,,,,,,,,,,,,,,,,12543869.750410592,-821725.3433890315,GUDANG-21,DWG_DIRECT:text|RULE:AI-IMB-LABEL-001,1e3a5be16ee16dc9de859a111ed19cb9ace8cdd1009c53c52afdee38fb9f44b0,57C,HP REDUCE,SOURCE_HOME_LABEL,251,,BYLAYER,-1,6.10264176738171,349.6556171512295,10.19435653331572,ACI:251|LT:BYLAYER|LW:-1|ROT_QGIS:10.194356533,"[{""operation"":""identity"",""source_entity_key"":""1e3a5be16ee16dc9de859a111ed19cb9ace8cdd1009c53c52afdee38fb9f44b0"",""max_displacement_m"":0.0}]",,,,,,
121,NN-66,,,,,,,,,,,,,,,,,,,,,12543805.203546857,-821638.720007874,NN-66,DWG_DIRECT:text|RULE:AI-IMB-LABEL-001,5508501edd7a3206c8c16c9defb0aacf2572b01938b71b6a945541baeee45053,5D3,Home Number,SOURCE_HOME_LABEL,6,,BYLAYER,-1,1.8453947457084523,105.73333046471211,254.15073881084476,ACI:6|LT:BYLAYER|LW:-1|ROT_QGIS:254.150738811,"[{""operation"":""identity"",""source_entity_key"":""5508501edd7a3206c8c16c9defb0aacf2572b01938b71b6a945541baeee45053"",""max_displacement_m"":0.0}]",,,,,,
122,GUDANG-32,,,,,,,,,,,,,,,,,,,,,12543667.046592902,-821646.6629529045,GUDANG-32,DWG_DIRECT:text|RULE:AI-IMB-LABEL-001,63714a297b98d4cec9c6a6277c31e9ef8e25349cf0dd16da58deccf307f7d7a0,587,HP REDUCE,SOURCE_HOME_LABEL,251,,BYLAYER,-1,4.505149994776891,258.1260807741007,101.58371824157794,ACI:251|LT:BYLAYER|LW:-1|ROT_QGIS:101.583718242,"[{""operation"":""identity"",""source_entity_key"":""63714a297b98d4cec9c6a6277c31e9ef8e25349cf0dd16da58deccf307f7d7a0"",""max_displacement_m"":0.0}]",,,,,,
123,NN-61,,,,,,,,,,,,,,,,,,,,,12543765.601567717,-821639.0478091019,NN-61,DWG_DIRECT:text|RULE:AI-IMB-LABEL-001,1e6147ee55ac06de20111cf4d1e8977b508d2a1d19d56bfa63fbfb03f36ede2a,5CE,Home Number,SOURCE_HOME_LABEL,6,,BYLAYER,-1,1.3861238335335448,79.4190455439664,280.29854089264524,ACI:6|LT:BYLAYER|LW:-1|ROT_QGIS:280.298540893,"[{""operation"":""identity"",""source_entity_key"":""1e6147ee55ac06de20111cf4d1e8977b508d2a1d19d56bfa63fbfb03f36ede2a"",""max_displacement_m"":0.0}]",,,,,,
124,NN-94,,,,,,,,,,,,,,,,,,,,,12543680.468999645,-821530.9695233749,NN-94,DWG_DIRECT:text|RULE:AI-IMB-LABEL-001,d545d2592a52e2d1abdd9a56260b9d9fc264f5a74a5dc03c2eae24b42e1d9294,5F0,Home Number,SOURCE_HOME_LABEL,6,,BYLAYER,-1,1.4862600622721747,85.15642882704653,274.5977304123972,ACI:6|LT:BYLAYER|LW:-1|ROT_QGIS:274.597730412,"[{""operation"":""identity"",""source_entity_key"":""d545d2592a52e2d1abdd9a56260b9d9fc264f5a74a5dc03c2eae24b42e1d9294"",""max_displacement_m"":0.0}]",,,,,,
125,NN-37,,,,,,,,,,,,,,,,,,,,,12543807.543936288,-821509.289688503,NN-37,DWG_DIRECT:text|RULE:AI-IMB-LABEL-001,a32e7b017dfd5710f39b516155b900e28a91f940468a8dfe20e6742f8da27150,5B4,Home Number,SOURCE_HOME_LABEL,6,,BYLAYER,-1,6.073628224876041,347.9932636169312,11.867053200803444,ACI:6|LT:BYLAYER|LW:-1|ROT_QGIS:11.867053201,"[{""operation"":""identity"",""source_entity_key"":""a32e7b017dfd5710f39b516155b900e28a91f940468a8dfe20e6742f8da27150"",""max_displacement_m"":0.0}]",,,,,,
126,NN-100,,,,,,,,,,,,,,,,,,,,,12543616.735643879,-821488.4394781254,NN-100,DWG_DIRECT:text|RULE:AI-IMB-LABEL-001,1ad832481542e8fbcdb3a7b26f1e6192bdc148bc49239a578c28fffdf3bb06cc,5F6,Home Number,SOURCE_HOME_LABEL,6,,BYLAYER,-1,1.4862600622721747,85.15642882704653,274.59781429078765,ACI:6|LT:BYLAYER|LW:-1|ROT_QGIS:274.597814291,"[{""operation"":""identity"",""source_entity_key"":""1ad832481542e8fbcdb3a7b26f1e6192bdc148bc49239a578c28fffdf3bb06cc"",""max_displacement_m"":0.0}]",,,,,,
127,NN-81,,,,,,,,,,,,,,,,,,,,,12543635.47925534,-821488.2960735635,NN-81,DWG_DIRECT:text|RULE:AI-IMB-LABEL-001,deaccda1f7b4362c83d6acdcc9ba5137d61597e7b2d864193baaea0b451200b9,5E3,Home Number,SOURCE_HOME_LABEL,6,,BYLAYER,-1,4.658830309665083,266.9313142114356,92.83449507284178,ACI:6|LT:BYLAYER|LW:-1|ROT_QGIS:92.834495073,"[{""operation"":""identity"",""source_entity_key"":""deaccda1f7b4362c83d6acdcc9ba5137d61597e7b2d864193baaea0b451200b9"",""max_displacement_m"":0.0}]",,,,,,
128,NN-106,,,,,,,,,,,,,,,,,,,,,12543669.554140957,-821494.6068987495,NN-106,DWG_DIRECT:text|RULE:AI-IMB-LABEL-001,d72ce7bfc5226d4728db5d527c972d2b551938eb34d288021bb81236bb812806,5FC,Home Number,SOURCE_HOME_LABEL,6,,BYLAYER,-1,1.4862600622721747,85.15642882704653,274.5977522751729,ACI:6|LT:BYLAYER|LW:-1|ROT_QGIS:274.597752275,"[{""operation"":""identity"",""source_entity_key"":""d72ce7bfc5226d4728db5d527c972d2b551938eb34d288021bb81236bb812806"",""max_displacement_m"":0.0}]",,,,,,
129,NN-120,,,,,,,,,,,,,,,,,,,,,12543818.191609971,-821484.8414956491,NN-120,DWG_DIRECT:text|RULE:AI-IMB-LABEL-001,ef950d8bcdbf5022e2e3f461fadd37dc0f048041bfe8b7842153b431af0ba0e3,60A,Home Number,SOURCE_HOME_LABEL,6,,BYLAYER,-1,1.4862600622721747,85.15642882704653,274.5975847202211,ACI:6|LT:BYLAYER|LW:-1|ROT_QGIS:274.597584720,"[{""operation"":""identity"",""source_entity_key"":""ef950d8bcdbf5022e2e3f461fadd37dc0f048041bfe8b7842153b431af0ba0e3"",""max_displacement_m"":0.0}]",,,,,,
130,NN-76,,,,,,,,,,,,,,,,,,,,,12543723.418153409,-821502.5229793136,NN-76,DWG_DIRECT:text|RULE:AI-IMB-LABEL-001,3d802cb66e23f2e239209e12896f3a83b1b7e349d56fde14c35947668d2a45ff,5DE,Home Number,SOURCE_HOME_LABEL,6,,BYLAYER,-1,4.658830309665083,266.9313142114356,92.8343907593325,ACI:6|LT:BYLAYER|LW:-1|ROT_QGIS:92.834390759,"[{""operation"":""identity"",""source_entity_key"":""3d802cb66e23f2e239209e12896f3a83b1b7e349d56fde14c35947668d2a45ff"",""max_displacement_m"":0.0}]",,,,,,
131,NN-102,,,,,,,,,,,,,,,,,,,,,12543622.748800611,-821478.5093249122,NN-102,DWG_DIRECT:text|RULE:AI-IMB-LABEL-001,2ec09345f0209deb55de319e96d3cadbc1a0f1a07f58680e3b93ae425f4a33f6,5F8,Home Number,SOURCE_HOME_LABEL,6,,BYLAYER,-1,1.4862600622721747,85.15642882704653,274.59780992963977,ACI:6|LT:BYLAYER|LW:-1|ROT_QGIS:274.597809930,"[{""operation"":""identity"",""source_entity_key"":""2ec09345f0209deb55de319e96d3cadbc1a0f1a07f58680e3b93ae425f4a33f6"",""max_displacement_m"":0.0}]",,,,,,
132,NN-71,,,,,,,,,,,,,,,,,,,,,12543632.377108028,-821577.1520269597,NN-71,DWG_DIRECT:text|RULE:AI-IMB-LABEL-001,a3ab2ab7fd0a6aea6c6e82edefb6b17e3830ee39c87443a28ed45de145c06ab2,5D9,Home Number,SOURCE_HOME_LABEL,6,,BYLAYER,-1,4.555860467128021,261.0315768169353,98.69621530046959,ACI:6|LT:BYLAYER|LW:-1|ROT_QGIS:98.696215300,"[{""operation"":""identity"",""source_entity_key"":""a3ab2ab7fd0a6aea6c6e82edefb6b17e3830ee39c87443a28ed45de145c06ab2"",""max_displacement_m"":0.0}]",,,,,,
133,NN-99,,,,,,,,,,,,,,,,,,,,,12543627.527096707,-821508.058688661,NN-99,DWG_DIRECT:text|RULE:AI-IMB-LABEL-001,2324a999ceac354d606032f092198d1dd06ed9c25c1b67939c1915422111a09c,5F5,Home Number,SOURCE_HOME_LABEL,6,,BYLAYER,-1,1.4862600622721747,85.15642882704653,274.5977968065238,ACI:6|LT:BYLAYER|LW:-1|ROT_QGIS:274.597796807,"[{""operation"":""identity"",""source_entity_key"":""2324a999ceac354d606032f092198d1dd06ed9c25c1b67939c1915422111a09c"",""max_displacement_m"":0.0}]",,,,,,
134,NN-79,,,,,,,,,,,,,,,,,,,,,12543749.293284515,-821504.5190755106,NN-79,DWG_DIRECT:text|RULE:AI-IMB-LABEL-001,9d449c1c1c8094afa21afbd5ebc05d174812e4c1bad26cebbddd8c25bb395007,5E1,Home Number,SOURCE_HOME_LABEL,6,,BYLAYER,-1,4.658830309665083,266.9313142114356,92.83436076764295,ACI:6|LT:BYLAYER|LW:-1|ROT_QGIS:92.834360768,"[{""operation"":""identity"",""source_entity_key"":""9d449c1c1c8094afa21afbd5ebc05d174812e4c1bad26cebbddd8c25bb395007"",""max_displacement_m"":0.0}]",,,,,,
135,NN-32,,,,,,,,,,,,,,,,,,,,,12543697.465207009,-821559.4633492414,NN-32,DWG_DIRECT:text|RULE:AI-IMB-LABEL-001,eb38f051036a7b4892ba504a9e23e8e89e88973b689e98463934e2fc5aa255a9,5AF,Home Number,SOURCE_HOME_LABEL,6,,BYLAYER,-1,6.073628224876041,347.9932636169312,11.867167363120654,ACI:6|LT:BYLAYER|LW:-1|ROT_QGIS:11.867167363,"[{""operation"":""identity"",""source_entity_key"":""eb38f051036a7b4892ba504a9e23e8e89e88973b689e98463934e2fc5aa255a9"",""max_displacement_m"":0.0}]",,,,,,
136,NN-21,,,,,,,,,,,,,,,,,,,,,12543718.22942024,-821601.2878754872,NN-21,DWG_DIRECT:text|RULE:AI-IMB-LABEL-001,d8b6b4d6f759e4e1cc2b3087c128c6ea8d448ddfaf972f115dfd13b68c6f4cc6,5A4,Home Number,SOURCE_HOME_LABEL,6,,BYLAYER,-1,6.073628224876041,347.9932636169312,11.867132323694344,ACI:6|LT:BYLAYER|LW:-1|ROT_QGIS:11.867132324,"[{""operation"":""identity"",""source_entity_key"":""d8b6b4d6f759e4e1cc2b3087c128c6ea8d448ddfaf972f115dfd13b68c6f4cc6"",""max_displacement_m"":0.0}]",,,,,,
137,GUDANG-27,,,,,,,,,,,,,,,,,,,,,12543653.746090217,-821759.5141366653,GUDANG-27,DWG_DIRECT:text|RULE:AI-IMB-LABEL-001,71e84ec70c7f92240db1e5bb639cd5a7b8a7c82450555596fb49d2fd6270f7e7,582,HP REDUCE,SOURCE_HOME_LABEL,251,,BYLAYER,-1,6.10264176738171,349.6556171512295,10.194597900515026,ACI:251|LT:BYLAYER|LW:-1|ROT_QGIS:10.194597901,"[{""operation"":""identity"",""source_entity_key"":""71e84ec70c7f92240db1e5bb639cd5a7b8a7c82450555596fb49d2fd6270f7e7"",""max_displacement_m"":0.0}]",,,,,,
138,NN-2,,,,,,,,,,,,,,,,,,,,,12543602.039313046,-821613.2688906833,NN-2,DWG_DIRECT:text|RULE:AI-IMB-LABEL-001,c7e6ad39442499d7bb8754c0685710269a9e09e93dbcb99ec81a8d1c035dcb15,591,Home Number,SOURCE_HOME_LABEL,6,,BYLAYER,-1,6.073628224876041,347.9932636169312,11.867263785546271,ACI:6|LT:BYLAYER|LW:-1|ROT_QGIS:11.867263786,"[{""operation"":""identity"",""source_entity_key"":""c7e6ad39442499d7bb8754c0685710269a9e09e93dbcb99ec81a8d1c035dcb15"",""max_displacement_m"":0.0}]",,,,,,
139,GUDANG-10,,,,,,,,,,,,,,,,,,,,,12543763.04891601,-821935.6839209319,GUDANG-10,DWG_DIRECT:text|RULE:AI-IMB-LABEL-001,7f28222f9c1cc4d59da54edd34056e1e4b6979ce216a90a93e91609a5aebe46a,571,HP REDUCE,SOURCE_HOME_LABEL,251,,BYLAYER,-1,6.10264176738171,349.6556171512295,10.194424728634749,ACI:251|LT:BYLAYER|LW:-1|ROT_QGIS:10.194424729,"[{""operation"":""identity"",""source_entity_key"":""7f28222f9c1cc4d59da54edd34056e1e4b6979ce216a90a93e91609a5aebe46a"",""max_displacement_m"":0.0}]",,,,,,
140,NN-96,,,,,,,,,,,,,,,,,,,,,12543653.594224753,-821518.9758395649,NN-96,DWG_DIRECT:text|RULE:AI-IMB-LABEL-001,eccb5571cfb6ed31771ff311d81e5ae19d9cf020d983f19be661a2e4dbbe76a0,5F2,Home Number,SOURCE_HOME_LABEL,6,,BYLAYER,-1,1.4862600622721747,85.15642882704653,274.59776428579397,ACI:6|LT:BYLAYER|LW:-1|ROT_QGIS:274.597764286,"[{""operation"":""identity"",""source_entity_key"":""eccb5571cfb6ed31771ff311d81e5ae19d9cf020d983f19be661a2e4dbbe76a0"",""max_displacement_m"":0.0}]",,,,,,
141,GUDANG-1,,,,,,,,,,,,,,,,,,,,,12543621.91209321,-821951.8893025687,GUDANG-1,DWG_DIRECT:text|RULE:AI-IMB-LABEL-001,a35e840487d955d3b61c4808e144f2e42e213e61783a54d82ac1f116f526d2ec,4BD,HP REDUCE,SOURCE_HOME_LABEL,251,,BYLAYER,-1,6.10264176738171,349.6556171512295,10.19458408378153,ACI:251|LT:BYLAYER|LW:-1|ROT_QGIS:10.194584084,"[{""operation"":""identity"",""source_entity_key"":""a35e840487d955d3b61c4808e144f2e42e213e61783a54d82ac1f116f526d2ec"",""max_displacement_m"":0.0}]",,,,,,
142,NN-70,,,,,,,,,,,,,,,,,,,,,12543625.891302392,-821574.9584095392,NN-70,DWG_DIRECT:text|RULE:AI-IMB-LABEL-001,edd0309eb9677b3788245a5f8f3f029107b183578df28ae47133229ceb2a3def,5D8,Home Number,SOURCE_HOME_LABEL,6,,BYLAYER,-1,4.555860467128021,261.0315768169353,98.6962232956983,ACI:6|LT:BYLAYER|LW:-1|ROT_QGIS:98.696223296,"[{""operation"":""identity"",""source_entity_key"":""edd0309eb9677b3788245a5f8f3f029107b183578df28ae47133229ceb2a3def"",""max_displacement_m"":0.0}]",,,,,,
143,NN-68,,,,,,,,,,,,,,,,,,,,,12543822.461015526,-821633.2259833001,NN-68,DWG_DIRECT:text|RULE:AI-IMB-LABEL-001,f06018defa7fbed72d959924d4dbd23576da2ee8c9945e1c243b2ff7ceb2be23,5D5,Home Number,SOURCE_HOME_LABEL,6,,BYLAYER,-1,1.8453947457084523,105.73333046471211,254.15072043800075,ACI:6|LT:BYLAYER|LW:-1|ROT_QGIS:254.150720438,"[{""operation"":""identity"",""source_entity_key"":""f06018defa7fbed72d959924d4dbd23576da2ee8c9945e1c243b2ff7ceb2be23"",""max_displacement_m"":0.0}]",,,,,,
144,GUDANG SHOPE,,,,,,,,,,,,,,,,,,,,,12543930.82561065,-821531.3432164423,GUDANG SHOPE,DWG_DIRECT:text|RULE:AI-IMB-LABEL-001,a42b2e0aff13a470a6bc2b7f039170ff1af02a14fa2f5b2203ca0c3c566fc03c,590,HP REDUCE,SOURCE_HOME_LABEL,251,,BYLAYER,-1,1.6641586584307655,95.34926756823602,264.4713689396317,ACI:251|LT:BYLAYER|LW:-1|ROT_QGIS:264.471368940,"[{""operation"":""identity"",""source_entity_key"":""a42b2e0aff13a470a6bc2b7f039170ff1af02a14fa2f5b2203ca0c3c566fc03c"",""max_displacement_m"":0.0}]",,,,,,
145,NN-28,,,,,,,,,,,,,,,,,,,,,12543723.151391404,-821560.7402617178,NN-28,DWG_DIRECT:text|RULE:AI-IMB-LABEL-001,d13e95ebebdae04e090fd5c6395e885c43c951691729d8a6f63e4e76bef1af20,5AB,Home Number,SOURCE_HOME_LABEL,6,,BYLAYER,-1,6.073628224876041,347.9932636169312,11.867137391432973,ACI:6|LT:BYLAYER|LW:-1|ROT_QGIS:11.867137391,"[{""operation"":""identity"",""source_entity_key"":""d13e95ebebdae04e090fd5c6395e885c43c951691729d8a6f63e4e76bef1af20"",""max_displacement_m"":0.0}]",,,,,,
146,NN-83,,,,,,,,,,,,,,,,,,,,,12543769.900664851,-821537.2656687186,NN-83,DWG_DIRECT:text|RULE:AI-IMB-LABEL-001,9f754d1648cb16356f9d488c5c561907c3a533409cfa554fff1297f2b6cf4728,5E5,Home Number,SOURCE_HOME_LABEL,6,,BYLAYER,-1,1.4862600622721747,85.15642882704653,274.59762664369373,ACI:6|LT:BYLAYER|LW:-1|ROT_QGIS:274.597626644,"[{""operation"":""identity"",""source_entity_key"":""9f754d1648cb16356f9d488c5c561907c3a533409cfa554fff1297f2b6cf4728"",""max_displacement_m"":0.0}]",,,,,,
147,NN-107,,,,,,,,,,,,,,,,,,,,,12543689.694799012,-821499.9797152758,NN-107,DWG_DIRECT:text|RULE:AI-IMB-LABEL-001,cb8314c1a16963d70da39cf891fef52a9c9ac71c2c6b80f20b160ee077c84f93,5FD,Home Number,SOURCE_HOME_LABEL,6,,BYLAYER,-1,1.4862600622721747,85.15642882704653,274.59772782936204,ACI:6|LT:BYLAYER|LW:-1|ROT_QGIS:274.597727829,"[{""operation"":""identity"",""source_entity_key"":""cb8314c1a16963d70da39cf891fef52a9c9ac71c2c6b80f20b160ee077c84f93"",""max_displacement_m"":0.0}]",,,,,,
148,GUDANG-31,,,,,,,,,,,,,,,,,,,,,12543649.788323252,-821638.6821399516,GUDANG-31,DWG_DIRECT:text|RULE:AI-IMB-LABEL-001,7540f9ba9dabb40612e56f930b23737fd1b3b56d39b051cfe30a93384f6724d5,586,HP REDUCE,SOURCE_HOME_LABEL,251,,BYLAYER,-1,4.505149994776891,258.1260807741007,101.58373990104388,ACI:251|LT:BYLAYER|LW:-1|ROT_QGIS:101.583739901,"[{""operation"":""identity"",""source_entity_key"":""7540f9ba9dabb40612e56f930b23737fd1b3b56d39b051cfe30a93384f6724d5"",""max_displacement_m"":0.0}]",,,,,,
149,NN-12,,,,,,,,,,,,,,,,,,,,,12543605.7028815,-821523.1461157317,NN-12,DWG_DIRECT:text|RULE:AI-IMB-LABEL-001,475daa261dac388e82755cab108c677edbc55667aaf9d51cf1ff209f7fc46a4c,59B,Home Number,SOURCE_HOME_LABEL,6,,BYLAYER,-1,6.073628224876041,347.9932636169312,11.867283378974493,ACI:6|LT:BYLAYER|LW:-1|ROT_QGIS:11.867283379,"[{""operation"":""identity"",""source_entity_key"":""475daa261dac388e82755cab108c677edbc55667aaf9d51cf1ff209f7fc46a4c"",""max_displacement_m"":0.0}]",,,,,,
150,NN-95,,,,,,,,,,,,,,,,,,,,,12543670.826237334,-821530.2876699896,NN-95,DWG_DIRECT:text|RULE:AI-IMB-LABEL-001,9d159a638a97e3a95b2b8ef18a149b96d9e011d34b91bec5c6486c8ff6b8970a,5F1,Home Number,SOURCE_HOME_LABEL,6,,BYLAYER,-1,1.4862600622721747,85.15642882704653,274.59774167554895,ACI:6|LT:BYLAYER|LW:-1|ROT_QGIS:274.597741676,"[{""operation"":""identity"",""source_entity_key"":""9d159a638a97e3a95b2b8ef18a149b96d9e011d34b91bec5c6486c8ff6b8970a"",""max_displacement_m"":0.0}]",,,,,,
151,GUDANG-29,,,,,,,,,,,,,,,,,,,,,12543666.24614033,-821711.639991366,GUDANG-29,DWG_DIRECT:text|RULE:AI-IMB-LABEL-001,c5f343e2774318d5ed75035642f0940859537b43dbbb48078fb38f38d0aa5f0f,584,HP REDUCE,SOURCE_HOME_LABEL,251,,BYLAYER,-1,6.10264176738171,349.6556171512295,10.194596053212644,ACI:251|LT:BYLAYER|LW:-1|ROT_QGIS:10.194596053,"[{""operation"":""identity"",""source_entity_key"":""c5f343e2774318d5ed75035642f0940859537b43dbbb48078fb38f38d0aa5f0f"",""max_displacement_m"":0.0}]",,,,,,
152,NN-113,,,,,,,,,,,,,,,,,,,,,12543741.574427752,-821483.6514835327,NN-113,DWG_DIRECT:text|RULE:AI-IMB-LABEL-001,b9333f58d653e045849a52adcc8d4ae41a7918a452710bc8e91820bb058fc65c,603,Home Number,SOURCE_HOME_LABEL,6,,BYLAYER,-1,1.4862600622721747,85.15642882704653,274.59767269749267,ACI:6|LT:BYLAYER|LW:-1|ROT_QGIS:274.597672697,"[{""operation"":""identity"",""source_entity_key"":""b9333f58d653e045849a52adcc8d4ae41a7918a452710bc8e91820bb058fc65c"",""max_displacement_m"":0.0}]",,,,,,
153,NN-110,,,,,,,,,,,,,,,,,,,,,12543720.588016065,-821483.5155464369,NN-110,DWG_DIRECT:text|RULE:AI-IMB-LABEL-001,204d277e4e90b368336b4ca4e450755adf28e8e8b674d729c6466ad31e0efe9d,600,Home Number,SOURCE_HOME_LABEL,6,,BYLAYER,-1,1.4862600622721747,85.15642882704653,274.5976966338644,ACI:6|LT:BYLAYER|LW:-1|ROT_QGIS:274.597696634,"[{""operation"":""identity"",""source_entity_key"":""204d277e4e90b368336b4ca4e450755adf28e8e8b674d729c6466ad31e0efe9d"",""max_displacement_m"":0.0}]",,,,,,
154,NN-38,,,,,,,,,,,,,,,,,,,,,12543808.173191395,-821503.8642945578,NN-38,DWG_DIRECT:text|RULE:AI-IMB-LABEL-001,b733e21ae5ff217c6adbccb8512f6b3682b6e56a64e064601a4a33bbf54f8b30,5B5,Home Number,SOURCE_HOME_LABEL,6,,BYLAYER,-1,6.073628224876041,347.9932636169312,11.86705387217919,ACI:6|LT:BYLAYER|LW:-1|ROT_QGIS:11.867053872,"[{""operation"":""identity"",""source_entity_key"":""b733e21ae5ff217c6adbccb8512f6b3682b6e56a64e064601a4a33bbf54f8b30"",""max_displacement_m"":0.0}]",,,,,,
155,GUDANG-26,,,,,,,,,,,,,,,,,,,,,12543818.287594154,-821721.5219495501,GUDANG-26,DWG_DIRECT:text|RULE:AI-IMB-LABEL-001,1df664db6e841b76653ef93be7b3c38dae6824dc73f21df9b71a0cb493558044,581,HP REDUCE,SOURCE_HOME_LABEL,251,,BYLAYER,-1,6.10264176738171,349.6556171512295,10.194417186228163,ACI:251|LT:BYLAYER|LW:-1|ROT_QGIS:10.194417186,"[{""operation"":""identity"",""source_entity_key"":""1df664db6e841b76653ef93be7b3c38dae6824dc73f21df9b71a0cb493558044"",""max_displacement_m"":0.0}]",,,,,,
156,NN-13,,,,,,,,,,,,,,,,,,,,,12543606.288504694,-821516.4913019281,NN-13,DWG_DIRECT:text|RULE:AI-IMB-LABEL-001,8f1976eebcf0cd8cf2858096ecf15e75c8d83228a094fc821c39914f52c046c0,59C,Home Number,SOURCE_HOME_LABEL,6,,BYLAYER,-1,6.073628224876041,347.9932636169312,11.867284462727676,ACI:6|LT:BYLAYER|LW:-1|ROT_QGIS:11.867284463,"[{""operation"":""identity"",""source_entity_key"":""8f1976eebcf0cd8cf2858096ecf15e75c8d83228a094fc821c39914f52c046c0"",""max_displacement_m"":0.0}]",,,,,,
157,NN-97,,,,,,,,,,,,,,,,,,,,,12543641.425958388,-821510.8284099761,NN-97,DWG_DIRECT:text|RULE:AI-IMB-LABEL-001,3d376b498d368f228ab08ae351fd0dad74b81978a0eb1f77188002afa9dfc71d,5F3,Home Number,SOURCE_HOME_LABEL,6,,BYLAYER,-1,1.4862600622721747,85.15642882704653,274.5977802717825,ACI:6|LT:BYLAYER|LW:-1|ROT_QGIS:274.597780272,"[{""operation"":""identity"",""source_entity_key"":""3d376b498d368f228ab08ae351fd0dad74b81978a0eb1f77188002afa9dfc71d"",""max_displacement_m"":0.0}]",,,,,,
158,NN-22,,,,,,,,,,,,,,,,,,,,,12543718.72484111,-821596.4432904181,NN-22,DWG_DIRECT:text|RULE:AI-IMB-LABEL-001,739cf998c2196b1a2bd8c448ed71383311bcb0b3ccfe751823af65a3b3414f97,5A5,Home Number,SOURCE_HOME_LABEL,6,,BYLAYER,-1,6.073628224876041,347.9932636169312,11.86713306515591,ACI:6|LT:BYLAYER|LW:-1|ROT_QGIS:11.867133065,"[{""operation"":""identity"",""source_entity_key"":""739cf998c2196b1a2bd8c448ed71383311bcb0b3ccfe751823af65a3b3414f97"",""max_displacement_m"":0.0}]",,,,,,
159,GUDANG-12,,,,,,,,,,,,,,,,,,,,,12543840.556635398,-821921.8605373171,GUDANG-12,DWG_DIRECT:text|RULE:AI-IMB-LABEL-001,79a40c5e4470b79f16de6b0145bce4e5e34182f5a550ae1e185bdd9cc3351347,573,HP REDUCE,SOURCE_HOME_LABEL,251,,BYLAYER,-1,6.10264176738171,349.6556171512295,10.194338507455331,ACI:251|LT:BYLAYER|LW:-1|ROT_QGIS:10.194338507,"[{""operation"":""identity"",""source_entity_key"":""79a40c5e4470b79f16de6b0145bce4e5e34182f5a550ae1e185bdd9cc3351347"",""max_displacement_m"":0.0}]",,,,,,
160,GUDANG-9,,,,,,,,,,,,,,,,,,,,,12543834.162051527,-821944.8131885022,GUDANG-9,DWG_DIRECT:text|RULE:AI-IMB-LABEL-001,b574d305991003feebed4e470ed5cf184bd73335519a990ea52a7829de120a55,570,HP REDUCE,SOURCE_HOME_LABEL,251,,BYLAYER,-1,6.10264176738171,349.6556171512295,10.194339878132814,ACI:251|LT:BYLAYER|LW:-1|ROT_QGIS:10.194339878,"[{""operation"":""identity"",""source_entity_key"":""b574d305991003feebed4e470ed5cf184bd73335519a990ea52a7829de120a55"",""max_displacement_m"":0.0}]",,,,,,
161,NN-72,,,,,,,,,,,,,,,,,,,,,12543705.042016882,-821500.7796199733,NN-72,DWG_DIRECT:text|RULE:AI-IMB-LABEL-001,54963a75d1c36cc4185ebb59f24d5bb27e0af287acd20286e0532307507bc20d,5DA,Home Number,SOURCE_HOME_LABEL,6,,BYLAYER,-1,4.658830309665083,266.9313142114356,92.83441230588834,ACI:6|LT:BYLAYER|LW:-1|ROT_QGIS:92.834412306,"[{""operation"":""identity"",""source_entity_key"":""54963a75d1c36cc4185ebb59f24d5bb27e0af287acd20286e0532307507bc20d"",""max_displacement_m"":0.0}]",,,,,,
162,NN-91,,,,,,,,,,,,,,,,,,,,,12543700.460562173,-821531.105505692,NN-91,DWG_DIRECT:text|RULE:AI-IMB-LABEL-001,122c590280725bb6c1d5ac544c9f2346dc210768246eba4f67ec830f8aee6894,5ED,Home Number,SOURCE_HOME_LABEL,6,,BYLAYER,-1,1.4862600622721747,85.15642882704653,274.5977075121399,ACI:6|LT:BYLAYER|LW:-1|ROT_QGIS:274.597707512,"[{""operation"":""identity"",""source_entity_key"":""122c590280725bb6c1d5ac544c9f2346dc210768246eba4f67ec830f8aee6894"",""max_displacement_m"":0.0}]",,,,,,
163,NN-51,,,,,,,,,,,,,,,,,,,,,12543674.363672389,-821618.9601738312,NN-51,DWG_DIRECT:text|RULE:AI-IMB-LABEL-001,98e04bea343646a31338711e7c2849bbbbdb55725998bf25151af928a764f832,5C2,Home Number,SOURCE_HOME_LABEL,6,,BYLAYER,-1,1.3861238335335448,79.4190455439664,280.29865042602523,ACI:6|LT:BYLAYER|LW:-1|ROT_QGIS:280.298650426,"[{""operation"":""identity"",""source_entity_key"":""98e04bea343646a31338711e7c2849bbbbdb55725998bf25151af928a764f832"",""max_displacement_m"":0.0}]",,,,,,
164,GUDANG-4,,,,,,,,,,,,,,,,,,,,,12543634.513047524,-821881.1429770618,GUDANG-4,DWG_DIRECT:text|RULE:AI-IMB-LABEL-001,99595a86a42454272755b876107282c9683e60331e4f871cdf53d7f5ecb57cde,56B,HP REDUCE,SOURCE_HOME_LABEL,251,,BYLAYER,-1,6.10264176738171,349.6556171512295,10.19458811378704,ACI:251|LT:BYLAYER|LW:-1|ROT_QGIS:10.194588114,"[{""operation"":""identity"",""source_entity_key"":""99595a86a42454272755b876107282c9683e60331e4f871cdf53d7f5ecb57cde"",""max_displacement_m"":0.0}]",,,,,,
165,NN-56,,,,,,,,,,,,,,,,,,,,,12543717.632486088,-821628.399469704,NN-56,DWG_DIRECT:text|RULE:AI-IMB-LABEL-001,17729da018953a4ebe3c0484f94cebbaa97a65c0f02f4e1022e3742ff22b3fc1,5C8,Home Number,SOURCE_HOME_LABEL,6,,BYLAYER,-1,1.3861238335335448,79.4190455439664,280.2985984591555,ACI:6|LT:BYLAYER|LW:-1|ROT_QGIS:280.298598459,"[{""operation"":""identity"",""source_entity_key"":""17729da018953a4ebe3c0484f94cebbaa97a65c0f02f4e1022e3742ff22b3fc1"",""max_displacement_m"":0.0}]",,,,,,
166,GUDANG-36,,,,,,,,,,,,,,,,,,,,,12543774.179365316,-821651.534603189,GUDANG-36,DWG_DIRECT:text|RULE:AI-IMB-LABEL-001,b88a607079eeebf1329bc6c2e3c3c15c6c4d9361ba2be7bd958bb4f25c1db546,58B,HP REDUCE,SOURCE_HOME_LABEL,251,,BYLAYER,-1,4.505149994776891,258.1260807741007,101.58359426015305,ACI:251|LT:BYLAYER|LW:-1|ROT_QGIS:101.583594260,"[{""operation"":""identity"",""source_entity_key"":""b88a607079eeebf1329bc6c2e3c3c15c6c4d9361ba2be7bd958bb4f25c1db546"",""max_displacement_m"":0.0}]",,,,,,
167,NN-44,,,,,,,,,,,,,,,,,,,,,12543615.975316891,-821607.1927259868,NN-44,DWG_DIRECT:text|RULE:AI-IMB-LABEL-001,031f406a869c06831f405e74416611b0e726c6ff3141b85781ac92558336fe87,5BB,Home Number,SOURCE_HOME_LABEL,6,,BYLAYER,-1,1.3861238335335448,79.4190455439664,280.298720227996,ACI:6|LT:BYLAYER|LW:-1|ROT_QGIS:280.298720228,"[{""operation"":""identity"",""source_entity_key"":""031f406a869c06831f405e74416611b0e726c6ff3141b85781ac92558336fe87"",""max_displacement_m"":0.0}]",,,,,,
